kind,source_linear,source_file_offset,target_segment,target_offset,target_linear,relocation_index
call,887,887,3106,22056,71752,0
call,833,833,3106,15326,65022,1
call,825,825,3106,24624,74320,2
call,789,789,3106,24624,74320,3
call,755,755,3106,3600,53296,4
call,747,747,2065,14632,47672,5
call,716,716,2065,14632,47672,6
call,682,682,2065,14632,47672,7
call,651,651,2065,14632,47672,8
call,541,541,2065,10480,43520,9
call,212,212,3106,22056,71752,10
call,171,171,3106,9836,59532,11
call,159,159,3106,22924,72620,12
call,133,133,5915,5200,99840,13
call,13,13,5782,10,92522,14
call,6,6,5915,706,95346,15
call,1837,1837,2065,8,33048,16
call,1625,1625,3106,3125,52821,17
call,1582,1582,3106,3125,52821,18
call,1542,1542,3106,3125,52821,19
call,1498,1498,3106,3125,52821,20
call,1458,1458,3106,3125,52821,21
call,1418,1418,3106,3125,52821,22
call,1375,1375,3106,3125,52821,23
call,1332,1332,3106,3125,52821,24
call,1292,1292,3106,3125,52821,25
call,1249,1249,3106,3125,52821,26
call,1148,1148,3106,3125,52821,27
call,1105,1105,3106,3125,52821,28
call,1031,1031,3106,9836,59532,29
call,1019,1019,3106,22924,72620,30
call,1007,1007,3106,22056,71752,31
call,2536,2536,3106,3464,53160,32
call,2427,2427,3106,3464,53160,33
call,2343,2343,3106,25666,75362,34
call,2213,2213,3106,18492,68188,35
call,2179,2179,3106,18492,68188,36
call,3562,3562,2065,14632,47672,37
call,3523,3523,2065,14632,47672,38
call,3487,3487,2065,14632,47672,39
call,3445,3445,2065,14632,47672,40
call,3347,3347,2065,14632,47672,41
call,3301,3301,2065,14632,47672,42
call,3267,3267,2065,14632,47672,43
call,3231,3231,2065,14632,47672,44
call,3195,3195,2065,14632,47672,45
call,3092,3092,3106,2146,51842,46
call,4646,4646,5915,6494,101134,47
call,4615,4615,5915,6494,101134,48
call,4499,4499,3106,2146,51842,49
call,4476,4476,5915,6534,101174,50
call,4471,4471,3106,3600,53296,51
call,4463,4463,3106,15908,65604,52
call,4455,4455,3106,2146,51842,53
call,4437,4437,5915,6534,101174,54
call,4426,4426,3106,3600,53296,55
call,4205,4205,5915,6494,101134,56
call,4174,4174,5915,6494,101134,57
call,3840,3840,3106,2146,51842,58
call,3799,3799,3106,2146,51842,59
call,3784,3784,3106,2146,51842,60
call,5394,5394,5915,6534,101174,61
call,5169,5169,3106,2146,51842,62
call,5095,5095,5915,6480,101120,63
call,5069,5069,5915,6480,101120,64
call,4981,4981,5915,6494,101134,65
call,4950,4950,5915,6494,101134,66
call,6114,6114,5915,6480,101120,67
call,6100,6100,5915,6480,101120,68
call,6043,6043,5915,6534,101174,69
call,6028,6028,5915,6534,101174,70
call,5951,5951,3106,3125,52821,71
call,5911,5911,3106,3125,52821,72
call,5757,5757,3106,2146,51842,73
call,5722,5722,3106,2146,51842,74
call,7552,7552,3106,2146,51842,75
call,7534,7534,5915,6534,101174,76
call,7523,7523,3106,3600,53296,77
call,7301,7301,3106,2146,51842,78
call,7277,7277,3106,2146,51842,79
call,7262,7262,3106,2146,51842,80
call,7247,7247,3106,2146,51842,81
call,6903,6903,3106,32538,82234,82
call,8360,8360,3106,3125,52821,83
call,8328,8328,3106,2146,51842,84
call,8058,8058,3106,2146,51842,85
call,8032,8032,3106,2146,51842,86
call,7845,7845,5915,6534,101174,87
call,7596,7596,3106,2146,51842,88
call,7573,7573,5915,6534,101174,89
call,7568,7568,3106,3600,53296,90
call,7560,7560,3106,15908,65604,91
call,9350,9350,5915,6772,101412,92
call,9185,9185,5915,6772,101412,93
call,9018,9018,5915,6772,101412,94
call,8856,8856,5915,6772,101412,95
call,8515,8515,3106,32538,82234,96
call,9736,9736,3106,2146,51842,97
call,11291,11291,3106,15908,65604,98
call,11283,11283,3106,2146,51842,99
call,11262,11262,3106,3600,53296,100
call,10523,10523,5915,6534,101174,101
call,12266,12266,5915,6534,101174,102
call,12234,12234,3106,2146,51842,103
call,12062,12062,3106,3125,52821,104
call,11895,11895,3106,2146,51842,105
call,11723,11723,3106,3125,52821,106
call,11683,11683,3106,3125,52821,107
call,11572,11572,3106,2146,51842,108
call,11549,11549,5915,6534,101174,109
call,11544,11544,3106,3600,53296,110
call,11536,11536,3106,15908,65604,111
call,11528,11528,3106,2146,51842,112
call,11510,11510,5915,6534,101174,113
call,11499,11499,3106,3600,53296,114
call,11445,11445,3106,15908,65604,115
call,11437,11437,3106,2146,51842,116
call,11419,11419,5915,6534,101174,117
call,11408,11408,3106,3600,53296,118
call,13103,13103,5915,6534,101174,119
call,13062,13062,5915,6494,101134,120
call,13031,13031,5915,6494,101134,121
call,12576,12576,5915,6534,101174,122
call,14134,14134,5915,6534,101174,123
call,13990,13990,5915,6618,101258,124
call,13630,13630,5915,6534,101174,125
call,15070,15070,5915,6618,101258,126
call,14769,14769,5915,6534,101174,127
call,14704,14704,5915,6534,101174,128
call,14654,14654,5915,6534,101174,129
call,14590,14590,5915,6534,101174,130
call,14398,14398,5915,6534,101174,131
call,14374,14374,5915,6534,101174,132
call,16017,16017,3106,22840,72536,133
call,15236,15236,5915,6618,101258,134
call,15185,15185,5915,6618,101258,135
call,15125,15125,5915,6618,101258,136
call,17013,17013,5915,6534,101174,137
call,17005,17005,3106,2146,51842,138
call,16812,16812,3106,24624,74320,139
call,16711,16711,3106,24624,74320,140
call,16672,16672,3106,32538,82234,141
call,16645,16645,3106,2146,51842,142
call,17829,17829,5915,6534,101174,143
call,17818,17818,5915,6534,101174,144
call,17807,17807,5915,6534,101174,145
call,17795,17795,5915,6534,101174,146
call,17787,17787,3106,24624,74320,147
call,17686,17686,3106,24624,74320,148
call,17637,17637,3106,2146,51842,149
call,17465,17465,3106,37050,86746,150
call,17313,17313,3106,3600,53296,151
call,17283,17283,3106,2146,51842,152
call,18354,18354,3106,9836,59532,153
call,18342,18342,3106,22924,72620,154
call,18330,18330,3106,22056,71752,155
call,18308,18308,3106,19830,69526,156
call,18267,18267,3106,2146,51842,157
call,20746,20746,3106,41750,91446,158
call,20713,20713,3106,2146,51842,159
call,20671,20671,3106,2146,51842,160
call,20627,20627,3106,2146,51842,161
call,20500,20500,3106,2146,51842,162
call,20468,20468,3106,2146,51842,163
call,20453,20453,3106,2146,51842,164
call,20427,20427,3106,2146,51842,165
call,20349,20349,3106,24624,74320,166
call,20248,20248,3106,24624,74320,167
call,21322,21322,3106,2146,51842,168
call,21299,21299,3106,24624,74320,169
call,21198,21198,3106,24624,74320,170
call,21091,21091,3106,41750,91446,171
call,21079,21079,3106,2146,51842,172
call,22679,22679,5915,6480,101120,173
call,22431,22431,3106,9836,59532,174
call,22419,22419,3106,22924,72620,175
call,22407,22407,3106,22056,71752,176
call,22398,22398,3106,21330,71026,177
call,22316,22316,3106,18836,68532,178
call,22287,22287,5915,6772,101412,179
call,22280,22280,5915,6772,101412,180
call,22235,22235,5915,6772,101412,181
call,22228,22228,5915,6772,101412,182
call,22166,22166,3106,18836,68532,183
call,22133,22133,5915,6772,101412,184
call,22126,22126,5915,6772,101412,185
call,22085,22085,5915,6772,101412,186
call,22078,22078,5915,6772,101412,187
call,23623,23623,3106,24624,74320,188
call,23472,23472,3106,2146,51842,189
call,23442,23442,3106,32538,82234,190
call,23344,23344,3106,24624,74320,191
call,23308,23308,3106,24624,74320,192
call,23275,23275,3106,2146,51842,193
call,23245,23245,3106,32538,82234,194
call,23133,23133,3106,24624,74320,195
call,23097,23097,3106,24624,74320,196
call,23064,23064,3106,2146,51842,197
call,23034,23034,3106,32538,82234,198
call,22834,22834,5915,6480,101120,199
call,22811,22811,5915,6480,101120,200
call,22756,22756,3106,2146,51842,201
call,22693,22693,5915,6480,101120,202
call,24483,24483,3106,24624,74320,203
call,24437,24437,3106,32538,82234,204
call,24375,24375,3106,2146,51842,205
call,24302,24302,3106,24624,74320,206
call,24201,24201,3106,24624,74320,207
call,24162,24162,3106,32538,82234,208
call,24051,24051,3106,2146,51842,209
call,24008,24008,3106,2146,51842,210
call,23978,23978,3106,32538,82234,211
call,23895,23895,3106,24624,74320,212
call,23859,23859,3106,24624,74320,213
call,23777,23777,3106,24624,74320,214
call,23741,23741,3106,24624,74320,215
call,23659,23659,3106,24624,74320,216
call,25511,25511,3106,19830,69526,217
call,25459,25459,3106,2146,51842,218
call,24916,24916,2065,14632,47672,219
call,24869,24869,3106,2146,51842,220
call,24846,24846,3106,32538,82234,221
call,24750,24750,2065,14632,47672,222
call,24710,24710,3106,2146,51842,223
call,24680,24680,3106,32538,82234,224
call,24584,24584,3106,24624,74320,225
call,26447,26447,2065,14632,47672,226
call,26401,26401,2065,14632,47672,227
call,26355,26355,2065,14632,47672,228
call,26312,26312,2065,14632,47672,229
call,26133,26133,2065,14632,47672,230
call,26096,26096,2065,14632,47672,231
call,25935,25935,2065,14632,47672,232
call,25898,25898,2065,14632,47672,233
call,25737,25737,3106,22056,71752,234
call,25665,25665,3106,22056,71752,235
call,25557,25557,3106,9836,59532,236
call,25545,25545,3106,22924,72620,237
call,25533,25533,3106,22056,71752,238
call,27393,27393,3106,32538,82234,239
call,27244,27244,2065,14632,47672,240
call,27210,27210,3106,2146,51842,241
call,27180,27180,3106,32538,82234,242
call,27031,27031,2065,14632,47672,243
call,26991,26991,2065,14632,47672,244
call,26942,26942,2065,14632,47672,245
call,26896,26896,2065,14632,47672,246
call,26850,26850,2065,14632,47672,247
call,26804,26804,2065,14632,47672,248
call,26761,26761,2065,14632,47672,249
call,26582,26582,2065,14632,47672,250
call,26542,26542,2065,14632,47672,251
call,26493,26493,2065,14632,47672,252
call,28160,28160,2065,14632,47672,253
call,28126,28126,2065,14632,47672,254
call,28089,28089,3106,32538,82234,255
call,28062,28062,3106,2146,51842,256
call,27889,27889,2065,14632,47672,257
call,27852,27852,3106,2146,51842,258
call,27822,27822,3106,32538,82234,259
call,27673,27673,2065,14632,47672,260
call,27636,27636,3106,2146,51842,261
call,27606,27606,3106,32538,82234,262
call,27457,27457,2065,14632,47672,263
call,27423,27423,3106,2146,51842,264
call,29276,29276,2065,14632,47672,265
call,29192,29192,3106,4,49700,266
call,29187,29187,3106,15908,65604,267
call,29148,29148,3106,28588,78284,268
call,29133,29133,3106,15326,65022,269
call,29125,29125,3106,13912,63608,270
call,29110,29110,3106,13912,63608,271
call,29088,29088,3106,2146,51842,272
call,29073,29073,3106,2146,51842,273
call,29031,29031,3106,15908,65604,274
call,28981,28981,3106,2146,51842,275
call,28961,28961,3106,3600,53296,276
call,28768,28768,3106,32538,82234,277
call,28607,28607,2065,14632,47672,278
call,28573,28573,2065,14632,47672,279
call,28539,28539,2065,14632,47672,280
call,28508,28508,2065,14632,47672,281
call,28474,28474,3106,32538,82234,282
call,28447,28447,3106,2146,51842,283
call,30245,30245,3106,22056,71752,284
call,30172,30172,3106,24624,74320,285
call,30154,30154,5915,5244,99884,286
call,30069,30069,5915,5244,99884,287
call,30025,30025,5915,5244,99884,288
call,29921,29921,3106,31346,81042,289
call,29914,29914,5915,6618,101258,290
call,29873,29873,3106,24624,74320,291
call,29855,29855,5915,5244,99884,292
call,29830,29830,5915,5632,100272,293
call,29778,29778,3106,15908,65604,294
call,29770,29770,3106,2146,51842,295
call,29749,29749,3106,3600,53296,296
call,29712,29712,3106,2146,51842,297
call,29689,29689,5915,6534,101174,298
call,29684,29684,3106,3600,53296,299
call,29676,29676,3106,15908,65604,300
call,29668,29668,3106,2146,51842,301
call,29650,29650,5915,6534,101174,302
call,29639,29639,3106,3600,53296,303
call,29530,29530,3106,9836,59532,304
call,29518,29518,3106,22924,72620,305
call,29506,29506,3106,22056,71752,306
call,29485,29485,3106,32854,82550,307
call,29469,29469,3106,32538,82234,308
call,29387,29387,3106,24624,74320,309
call,29315,29315,3106,24624,74320,310
call,31196,31196,3106,33874,83570,311
call,31136,31136,5915,5736,100376,312
call,31120,31120,5915,5722,100362,313
call,31037,31037,3106,15326,65022,314
call,31026,31026,3106,22056,71752,315
call,30981,30981,3106,13912,63608,316
call,30918,30918,3106,15908,65604,317
call,30910,30910,3106,32854,82550,318
call,30894,30894,3106,32538,82234,319
call,30723,30723,5915,6494,101134,320
call,30710,30710,5915,6822,101462,321
call,30564,30564,3106,25120,74816,322
call,30555,30555,3106,15326,65022,323
call,30547,30547,3106,13912,63608,324
call,30535,30535,3106,22056,71752,325
call,30514,30514,3106,33204,82900,326
call,30452,30452,3106,22056,71752,327
call,32113,32113,3106,7868,57564,328
call,32094,32094,3106,31680,81376,329
call,32080,32080,3106,24624,74320,330
call,32049,32049,3106,24624,74320,331
call,31987,31987,2065,9746,42786,332
call,31928,31928,2065,9746,42786,333
call,31869,31869,2065,9746,42786,334
call,31810,31810,2065,9746,42786,335
call,31708,31708,3106,22056,71752,336
call,31696,31696,3106,5420,55116,337
call,31684,31684,3106,22056,71752,338
call,31656,31656,3106,25666,75362,339
call,31603,31603,3106,3464,53160,340
call,31302,31302,3106,4,49700,341
call,31229,31229,3106,22056,71752,342
call,31220,31220,3106,15908,65604,343
call,33036,33036,3106,3012,52708,344
call,33018,33018,3106,22654,72350,345
call,32996,32996,3106,22364,72060,346
call,32974,32974,3106,22530,72226,347
call,32952,32952,3106,22530,72226,348
call,32940,32940,3106,22530,72226,349
call,32928,32928,3106,22530,72226,350
call,32878,32878,3106,22678,72374,351
call,32788,32788,3106,22406,72102,352
call,32747,32747,3106,40900,90596,353
call,32695,32695,5915,1528,96168,354
call,32668,32668,5915,5736,100376,355
call,32652,32652,5915,5722,100362,356
call,32643,32643,5915,6616,101256,357
call,32635,32635,5915,6592,101232,358
call,32618,32618,5915,6614,101254,359
call,32610,32610,5915,5736,100376,360
call,32594,32594,5915,5736,100376,361
call,32578,32578,5915,5736,100376,362
call,32548,32548,5915,5722,100362,363
call,32500,32500,5915,5722,100362,364
call,32465,32465,3106,15908,65604,365
call,32460,32460,5915,6616,101256,366
call,32452,32452,5915,6592,101232,367
call,32435,32435,5915,6614,101254,368
call,32430,32430,5915,6616,101256,369
call,32422,32422,5915,6592,101232,370
call,32405,32405,5915,6614,101254,371
call,32388,32388,3106,32854,82550,372
call,32356,32356,5915,6822,101462,373
call,32215,32215,3106,3464,53160,374
call,33054,33054,5915,706,95346,376
call,35877,35877,5915,6772,101412,377
call,35704,35704,5915,6618,101258,378
call,35693,35693,5915,6772,101412,379
call,35670,35670,5915,6772,101412,380
call,35640,35640,5915,6494,101134,381
call,35344,35344,5915,6618,101258,382
call,35333,35333,5915,6772,101412,383
call,35310,35310,5915,6772,101412,384
call,35280,35280,5915,6494,101134,385
call,34950,34950,5915,6618,101258,386
call,36507,36507,3106,22678,72374,387
call,36414,36414,3106,22406,72102,388
call,36366,36366,3106,40900,90596,389
call,38621,38621,5915,6618,101258,390
call,38594,38594,5915,6772,101412,391
call,38569,38569,5915,6772,101412,392
call,38546,38546,5915,6772,101412,393
call,38510,38510,5915,6772,101412,394
call,38487,38487,5915,6772,101412,395
call,38445,38445,5915,6772,101412,396
call,38420,38420,5915,7026,101666,397
call,38402,38402,5915,6772,101412,398
call,38362,38362,5915,7026,101666,399
call,38325,38325,5915,6494,101134,400
call,38311,38311,5915,6494,101134,401
call,39431,39431,3106,3125,52821,402
call,39339,39339,3106,3125,52821,403
call,39175,39175,5915,6618,101258,404
call,39158,39158,5915,6772,101412,405
call,39145,39145,5915,6772,101412,406
call,39102,39102,5915,6772,101412,407
call,39051,39051,5915,6772,101412,408
call,39028,39028,5915,6772,101412,409
call,38986,38986,5915,6772,101412,410
call,38961,38961,5915,7026,101666,411
call,38943,38943,5915,6772,101412,412
call,38899,38899,5915,7026,101666,413
call,38868,38868,5915,6494,101134,414
call,38854,38854,5915,6494,101134,415
call,40516,40516,3106,3125,52821,416
call,40401,40401,5915,6534,101174,417
call,40378,40378,5915,6534,101174,418
call,40245,40245,3106,3125,52821,419
call,40173,40173,3106,3125,52821,420
call,41382,41382,3106,3125,52821,421
call,40758,40758,5915,6534,101174,422
call,40619,40619,3106,3125,52821,423
call,42075,42075,3106,3125,52821,424
call,41709,41709,3106,3125,52821,425
call,42964,42964,3106,22678,72374,426
call,42880,42880,3106,22406,72102,427
call,42841,42841,3106,40900,90596,428
call,42792,42792,5915,706,95346,429
call,44185,44185,5915,6618,101258,430
call,44173,44173,5915,6480,101120,431
call,44137,44137,5915,6618,101258,432
call,44125,44125,5915,6480,101120,433
call,44089,44089,5915,6618,101258,434
call,44074,44074,5915,6480,101120,435
call,44038,44038,5915,6618,101258,436
call,44023,44023,5915,6480,101120,437
call,43806,43806,3106,22678,72374,438
call,43722,43722,3106,22406,72102,439
call,43683,43683,3106,40900,90596,440
call,43627,43627,5915,6618,101258,441
call,43526,43526,5915,706,95346,442
call,45330,45330,5915,6772,101412,443
call,45296,45296,5915,6772,101412,444
call,45265,45265,5915,6494,101134,445
call,45248,45248,5915,6772,101412,446
call,45220,45220,5915,6494,101134,447
call,45194,45194,5915,6772,101412,448
call,45163,45163,5915,6494,101134,449
call,44960,44960,3106,22678,72374,450
call,44876,44876,3106,22406,72102,451
call,44837,44837,3106,40900,90596,452
call,44790,44790,5915,706,95346,453
call,46272,46272,5915,6772,101412,454
call,46200,46200,5915,6772,101412,455
call,46172,46172,5915,6494,101134,456
call,46148,46148,5915,6772,101412,457
call,46114,46114,5915,6772,101412,458
call,46083,46083,5915,6494,101134,459
call,46066,46066,5915,6772,101412,460
call,46038,46038,5915,6494,101134,461
call,46011,46011,5915,6772,101412,462
call,45980,45980,5915,6494,101134,463
call,45822,45822,3106,3125,52821,464
call,45789,45789,3106,3125,52821,465
call,45566,45566,3106,3125,52821,466
call,45533,45533,3106,3125,52821,467
call,45454,45454,5915,6772,101412,468
call,45382,45382,5915,6772,101412,469
call,45354,45354,5915,6494,101134,470
call,47093,47093,5915,6772,101412,471
call,47041,47041,5915,6618,101258,472
call,46977,46977,5915,6494,101134,473
call,46938,46938,5915,6618,101258,474
call,46827,46827,5915,6480,101120,475
call,46634,46634,3106,3125,52821,476
call,46601,46601,3106,3125,52821,477
call,46384,46384,3106,3125,52821,478
call,46351,46351,3106,3125,52821,479
call,48048,48048,5915,706,95346,480
call,47866,47866,3106,22678,72374,481
call,47781,47781,3106,22406,72102,482
call,47742,47742,3106,40900,90596,483
call,47678,47678,5915,706,95346,484
call,50283,50283,5915,3520,98160,486
call,49983,49983,5915,4118,98758,489
call,49965,49965,5915,4118,98758,490
call,49871,49871,5915,3552,98192,491
call,49800,49800,5915,4118,98758,492
call,49764,49764,5915,3700,98340,493
call,49706,49706,5915,706,95346,494
call,51585,51585,5915,3700,98340,495
call,51568,51568,5915,706,95346,496
call,52362,52362,5915,3520,98160,498
call,52329,52329,5915,3552,98192,499
call,52079,52079,5915,6618,101258,500
call,52046,52046,5915,6618,101258,501
call,51950,51950,5915,3520,98160,502
call,51931,51931,5915,4118,98758,503
call,51906,51906,5915,3700,98340,504
call,51848,51848,5915,706,95346,505
call,51833,51833,5915,3520,98160,506
call,51822,51822,5915,4118,98758,507
call,51803,51803,5915,4118,98758,508
call,51784,51784,5915,4118,98758,509
call,51765,51765,5915,4118,98758,510
call,51746,51746,5915,4118,98758,511
call,51727,51727,5915,4118,98758,512
call,51708,51708,5915,4118,98758,513
call,51689,51689,5915,4118,98758,514
call,51670,51670,5915,4118,98758,515
call,51651,51651,5915,4118,98758,516
call,51632,51632,5915,4118,98758,517
call,51613,51613,5915,4118,98758,518
call,53474,53474,5915,706,95346,519
call,53456,53456,2065,14632,47672,520
call,53404,53404,2065,14632,47672,521
call,53302,53302,5915,706,95346,522
call,53286,53286,5915,5736,100376,523
call,53258,53258,5915,5722,100362,524
call,53247,53247,5915,5736,100376,525
call,53232,53232,5915,5736,100376,526
call,53204,53204,5915,5722,100362,527
call,53193,53193,5915,5736,100376,528
call,53165,53165,5915,706,95346,529
call,53087,53087,5915,6618,101258,530
call,53066,53066,5915,6618,101258,531
call,53035,53035,5915,6772,101412,532
call,53005,53005,5915,6772,101412,533
call,52974,52974,5915,6772,101412,534
call,52913,52913,5915,6772,101412,535
call,52827,52827,5915,706,95346,536
call,52713,52713,5915,706,95346,538
call,54258,54258,5915,4118,98758,539
call,54239,54239,5915,4118,98758,540
call,54201,54201,5915,3700,98340,541
call,54182,54182,5915,706,95346,542
call,54167,54167,5915,5736,100376,543
call,54151,54151,5915,5736,100376,544
call,54135,54135,5915,5736,100376,545
call,54119,54119,5915,5736,100376,546
call,54103,54103,5915,5736,100376,547
call,54087,54087,5915,5736,100376,548
call,54071,54071,5915,5736,100376,549
call,54056,54056,5915,5736,100376,550
call,54040,54040,5915,5736,100376,551
call,54024,54024,5915,5736,100376,552
call,54008,54008,5915,5736,100376,553
call,53992,53992,5915,5736,100376,554
call,53976,53976,5915,5736,100376,555
call,53960,53960,5915,5736,100376,556
call,53944,53944,5915,5736,100376,557
call,53928,53928,5915,5736,100376,558
call,53912,53912,5915,5736,100376,559
call,53896,53896,5915,5736,100376,560
call,53880,53880,5915,5736,100376,561
call,53864,53864,5915,5736,100376,562
call,53848,53848,5915,5736,100376,563
call,53832,53832,5915,5736,100376,564
call,53816,53816,5915,5736,100376,565
call,53800,53800,5915,5736,100376,566
call,53784,53784,5915,5736,100376,567
call,53768,53768,5915,5736,100376,568
call,53752,53752,5915,5736,100376,569
call,53736,53736,5915,5736,100376,570
call,53720,53720,5915,5736,100376,571
call,53704,53704,5915,5736,100376,572
call,53688,53688,5915,5736,100376,573
call,53672,53672,5915,5736,100376,574
call,53656,53656,5915,5736,100376,575
call,53640,53640,5915,5736,100376,576
call,53625,53625,5915,5736,100376,577
call,53609,53609,5915,5722,100362,578
call,53597,53597,5915,5736,100376,579
call,53581,53581,5915,5736,100376,580
call,53565,53565,5915,5736,100376,581
call,53550,53550,5915,5736,100376,582
call,53534,53534,5915,5736,100376,583
call,53518,53518,5915,5736,100376,584
call,53503,53503,5915,5736,100376,585
call,53487,53487,5915,5736,100376,586
call,55273,55273,5915,4118,98758,587
call,55254,55254,5915,4118,98758,588
call,55235,55235,5915,4118,98758,589
call,55196,55196,5915,3700,98340,590
call,55122,55122,5915,706,95346,591
call,55077,55077,5915,3520,98160,592
call,54452,54452,5915,4118,98758,594
call,54434,54434,5915,4118,98758,595
call,56306,56306,5915,4118,98758,596
call,56287,56287,5915,4118,98758,597
call,56264,56264,5915,4118,98758,598
call,56243,56243,5915,4118,98758,599
call,56222,56222,5915,4118,98758,600
call,56201,56201,5915,4118,98758,601
call,56180,56180,5915,4118,98758,602
call,56161,56161,5915,4118,98758,603
call,56142,56142,5915,4118,98758,604
call,56123,56123,5915,4118,98758,605
call,56104,56104,5915,4118,98758,606
call,56085,56085,5915,4118,98758,607
call,56066,56066,5915,4118,98758,608
call,56047,56047,5915,4118,98758,609
call,56028,56028,5915,4118,98758,610
call,56009,56009,5915,4118,98758,611
call,55990,55990,5915,4118,98758,612
call,55971,55971,5915,4118,98758,613
call,55952,55952,5915,4118,98758,614
call,55933,55933,5915,4118,98758,615
call,55914,55914,5915,4118,98758,616
call,55895,55895,5915,4118,98758,617
call,55876,55876,5915,4118,98758,618
call,55857,55857,5915,4118,98758,619
call,55838,55838,5915,4118,98758,620
call,55819,55819,5915,4118,98758,621
call,55800,55800,5915,4118,98758,622
call,55781,55781,5915,4118,98758,623
call,55762,55762,5915,4118,98758,624
call,55743,55743,5915,4118,98758,625
call,55724,55724,5915,4118,98758,626
call,55705,55705,5915,4118,98758,627
call,55686,55686,5915,4118,98758,628
call,55667,55667,5915,4118,98758,629
call,55648,55648,5915,4118,98758,630
call,55629,55629,5915,4118,98758,631
call,55610,55610,5915,4118,98758,632
call,55591,55591,5915,4118,98758,633
call,55572,55572,5915,4118,98758,634
call,55553,55553,5915,4118,98758,635
call,55534,55534,5915,4118,98758,636
call,55515,55515,5915,4118,98758,637
call,55496,55496,5915,4118,98758,638
call,55477,55477,5915,4118,98758,639
call,55458,55458,5915,4118,98758,640
call,55439,55439,5915,4118,98758,641
call,55420,55420,5915,4118,98758,642
call,55401,55401,5915,4118,98758,643
call,55382,55382,5915,4118,98758,644
call,57115,57115,5915,3520,98160,645
call,57104,57104,5915,4118,98758,646
call,57085,57085,5915,4118,98758,647
call,57066,57066,5915,4118,98758,648
call,57047,57047,5915,4118,98758,649
call,57028,57028,5915,4118,98758,650
call,57009,57009,5915,4118,98758,651
call,56990,56990,5915,4118,98758,652
call,56971,56971,5915,4118,98758,653
call,56952,56952,5915,4118,98758,654
call,56933,56933,5915,4118,98758,655
call,56914,56914,5915,4118,98758,656
call,56895,56895,5915,4118,98758,657
call,56876,56876,5915,4118,98758,658
call,56857,56857,5915,4118,98758,659
call,56838,56838,5915,4118,98758,660
call,56819,56819,5915,4118,98758,661
call,56800,56800,5915,4118,98758,662
call,56781,56781,5915,4118,98758,663
call,56762,56762,5915,4118,98758,664
call,56743,56743,5915,4118,98758,665
call,56666,56666,5915,4118,98758,666
call,56647,56647,5915,4118,98758,667
call,56627,56627,5915,4118,98758,668
call,56607,56607,5915,4118,98758,669
call,56588,56588,5915,4118,98758,670
call,56569,56569,5915,4118,98758,671
call,56550,56550,5915,4118,98758,672
call,56531,56531,5915,4118,98758,673
call,56512,56512,5915,4118,98758,674
call,56493,56493,5915,4118,98758,675
call,56472,56472,5915,4118,98758,676
call,56451,56451,5915,4118,98758,677
call,56430,56430,5915,4118,98758,678
call,56409,56409,5915,4118,98758,679
call,56388,56388,5915,4118,98758,680
call,56367,56367,5915,4118,98758,681
call,56346,56346,5915,4118,98758,682
call,56325,56325,5915,4118,98758,683
call,58194,58194,5915,4352,98992,684
call,58175,58175,5915,4352,98992,685
call,58156,58156,5915,4352,98992,686
call,58137,58137,5915,4352,98992,687
call,58118,58118,5915,4352,98992,688
call,58099,58099,5915,4352,98992,689
call,58080,58080,5915,4352,98992,690
call,58061,58061,5915,4352,98992,691
call,58042,58042,5915,4352,98992,692
call,58023,58023,5915,4352,98992,693
call,58004,58004,5915,4352,98992,694
call,57985,57985,5915,4352,98992,695
call,57966,57966,5915,4352,98992,696
call,57947,57947,5915,4352,98992,697
call,57928,57928,5915,4352,98992,698
call,57909,57909,5915,4352,98992,699
call,57890,57890,5915,4352,98992,700
call,57871,57871,5915,4352,98992,701
call,57753,57753,5915,4352,98992,702
call,57734,57734,5915,4352,98992,703
call,57715,57715,5915,4352,98992,704
call,57696,57696,5915,4352,98992,705
call,57677,57677,5915,4352,98992,706
call,57643,57643,5915,3700,98340,707
call,57570,57570,5915,706,95346,708
call,59136,59136,5915,4352,98992,710
call,59117,59117,5915,4352,98992,711
call,59098,59098,5915,4352,98992,712
call,59078,59078,5915,4352,98992,713
call,59058,59058,5915,4352,98992,714
call,59039,59039,5915,4352,98992,715
call,59020,59020,5915,4352,98992,716
call,59001,59001,5915,4352,98992,717
call,58982,58982,5915,4352,98992,718
call,58963,58963,5915,4352,98992,719
call,58944,58944,5915,4352,98992,720
call,58923,58923,5915,4352,98992,721
call,58902,58902,5915,4352,98992,722
call,58881,58881,5915,4352,98992,723
call,58860,58860,5915,4352,98992,724
call,58839,58839,5915,4352,98992,725
call,58818,58818,5915,4352,98992,726
call,58797,58797,5915,4352,98992,727
call,58776,58776,5915,4352,98992,728
call,58757,58757,5915,4352,98992,729
call,58738,58738,5915,4352,98992,730
call,58715,58715,5915,4352,98992,731
call,58694,58694,5915,4352,98992,732
call,58673,58673,5915,4352,98992,733
call,58652,58652,5915,4352,98992,734
call,58631,58631,5915,4352,98992,735
call,58612,58612,5915,4352,98992,736
call,58593,58593,5915,4352,98992,737
call,58574,58574,5915,4352,98992,738
call,58555,58555,5915,4352,98992,739
call,58536,58536,5915,4352,98992,740
call,58517,58517,5915,4352,98992,741
call,58498,58498,5915,4352,98992,742
call,58479,58479,5915,4352,98992,743
call,58460,58460,5915,4352,98992,744
call,58441,58441,5915,4352,98992,745
call,58422,58422,5915,4352,98992,746
call,58403,58403,5915,4352,98992,747
call,58384,58384,5915,4352,98992,748
call,58365,58365,5915,4352,98992,749
call,58346,58346,5915,4352,98992,750
call,58327,58327,5915,4352,98992,751
call,58308,58308,5915,4352,98992,752
call,58289,58289,5915,4352,98992,753
call,58270,58270,5915,4352,98992,754
call,58251,58251,5915,4352,98992,755
call,58232,58232,5915,4352,98992,756
call,58213,58213,5915,4352,98992,757
call,59962,59962,5915,5736,100376,758
call,59946,59946,5915,5736,100376,759
call,59930,59930,5915,5736,100376,760
call,59915,59915,5915,5736,100376,761
call,59732,59732,5915,5736,100376,762
call,59716,59716,5915,5736,100376,763
call,59700,59700,5915,5736,100376,764
call,59684,59684,5915,5722,100362,765
call,59672,59672,5915,5736,100376,766
call,59656,59656,5915,5736,100376,767
call,59641,59641,5915,5722,100362,768
call,59629,59629,5915,5736,100376,769
call,59613,59613,5915,5736,100376,770
call,59597,59597,5915,5736,100376,771
call,59581,59581,5915,5736,100376,772
call,59565,59565,5915,5722,100362,773
call,59553,59553,5915,5736,100376,774
call,59538,59538,5915,706,95346,775
call,59508,59508,5915,3520,98160,776
call,59497,59497,5915,4352,98992,777
call,59478,59478,5915,4352,98992,778
call,59459,59459,5915,4352,98992,779
call,59440,59440,5915,4352,98992,780
call,59421,59421,5915,4352,98992,781
call,59402,59402,5915,4352,98992,782
call,59383,59383,5915,4352,98992,783
call,59364,59364,5915,4352,98992,784
call,59345,59345,5915,4352,98992,785
call,59326,59326,5915,4352,98992,786
call,59307,59307,5915,4352,98992,787
call,59288,59288,5915,4352,98992,788
call,59269,59269,5915,4352,98992,789
call,59250,59250,5915,4352,98992,790
call,59231,59231,5915,4352,98992,791
call,59212,59212,5915,4352,98992,792
call,59193,59193,5915,4352,98992,793
call,59174,59174,5915,4352,98992,794
call,59155,59155,5915,4352,98992,795
call,60959,60959,2065,14632,47672,796
call,60898,60898,2065,9746,42786,797
call,60810,60810,5915,5736,100376,798
call,60792,60792,5915,5736,100376,799
call,60776,60776,5915,5736,100376,800
call,60758,60758,5915,5736,100376,801
call,60675,60675,2065,14632,47672,802
call,60614,60614,2065,9746,42786,803
call,60587,60587,2065,10480,43520,804
call,60556,60556,2065,10480,43520,805
call,60445,60445,5915,5736,100376,806
call,60427,60427,5915,5736,100376,807
call,60411,60411,5915,5736,100376,808
call,60393,60393,5915,5736,100376,809
call,60168,60168,5915,6494,101134,810
call,60155,60155,5915,6822,101462,811
call,61942,61942,2065,9746,42786,812
call,61921,61921,2065,9746,42786,813
call,61900,61900,2065,9746,42786,814
call,61801,61801,5915,5736,100376,815
call,61783,61783,5915,5736,100376,816
call,61767,61767,5915,5736,100376,817
call,61749,61749,5915,5736,100376,818
call,61688,61688,2065,9746,42786,819
call,61646,61646,2065,9746,42786,820
call,61578,61578,5915,5150,99790,821
call,61478,61478,2065,9746,42786,822
call,61436,61436,2065,9746,42786,823
call,61365,61365,5915,5150,99790,824
call,61349,61349,2065,14632,47672,825
call,61254,61254,2065,14632,47672,826
call,61216,61216,2065,14632,47672,827
call,61110,61110,2065,9746,42786,828
call,61089,61089,2065,9746,42786,829
call,61068,61068,2065,9746,42786,830
call,62226,62226,2065,9746,42786,831
call,62205,62205,2065,9746,42786,832
call,62104,62104,5915,5736,100376,833
call,62086,62086,5915,5736,100376,834
call,62070,62070,5915,5736,100376,835
call,62052,62052,5915,5736,100376,836
call,63861,63861,5915,3520,98160,837
call,63842,63842,5915,4118,98758,838
call,63757,63757,5915,3700,98340,839
call,63712,63712,5915,5722,100362,840
call,63694,63694,5915,5736,100376,841
call,63663,63663,5915,5722,100362,842
call,63614,63614,5915,706,95346,843
call,64261,64261,5915,3520,98160,844
call,64226,64226,5915,4118,98758,845
call,64207,64207,5915,4118,98758,846
call,64188,64188,5915,4118,98758,847
call,64169,64169,5915,4118,98758,848
call,64150,64150,5915,4118,98758,849
call,64131,64131,5915,4118,98758,850
call,64112,64112,5915,3552,98192,851
call,64074,64074,5915,3520,98160,852
call,64003,64003,5915,4118,98758,853
call,63965,63965,5915,4118,98758,854
call,63937,63937,5915,3700,98340,855
call,65752,65752,5915,5736,100376,856
call,65736,65736,5915,5736,100376,857
call,65720,65720,5915,5736,100376,858
call,65610,65610,5915,706,95346,859
call,65593,65593,5915,6616,101256,860
call,65585,65585,5915,6592,101232,861
call,65568,65568,5915,6614,101254,863
call,65560,65560,5915,5736,100376,864
call,65544,65544,5915,5736,100376,865
call,65528,65528,5915,5736,100376,866
call,65028,65028,5915,706,95346,868
call,64977,64977,5915,706,95346,869
call,66001,66001,5915,5722,100362,871
call,65972,65972,5915,5736,100376,872
call,65935,65935,5915,5722,100362,873
call,65917,65917,5915,5736,100376,874
call,65870,65870,5915,5722,100362,875
call,65852,65852,5915,5736,100376,876
call,65817,65817,5915,5736,100376,877
call,65801,65801,5915,5722,100362,878
call,65785,65785,5915,6616,101256,879
call,65777,65777,5915,6592,101232,880
call,65760,65760,5915,6614,101254,881
call,67617,67617,5915,5736,100376,882
call,67602,67602,5915,5722,100362,883
call,67590,67590,5915,5736,100376,884
call,67576,67576,5915,6618,101258,885
call,67552,67552,5915,5736,100376,886
call,67540,67540,5915,6618,101258,887
call,67509,67509,5915,5736,100376,888
call,67487,67487,5915,5736,100376,889
call,67471,67471,5915,5722,100362,890
call,67389,67389,5915,6772,101412,891
call,67382,67382,5915,7056,101696,892
call,68538,68538,5915,706,95346,893
call,68523,68523,5915,5736,100376,894
call,68485,68485,5915,5722,100362,895
call,68467,68467,5915,5736,100376,896
call,68429,68429,5915,5722,100362,897
call,68411,68411,5915,5736,100376,898
call,68373,68373,5915,5722,100362,899
call,68355,68355,5915,5736,100376,900
call,68317,68317,5915,5722,100362,901
call,68299,68299,5915,5736,100376,902
call,68261,68261,5915,5722,100362,903
call,68243,68243,5915,5736,100376,904
call,68205,68205,5915,5722,100362,905
call,68190,68190,5915,706,95346,906
call,67801,67801,5915,706,95346,907
call,67777,67777,5915,5736,100376,908
call,67694,67694,5915,5736,100376,909
call,67650,67650,5915,5722,100362,910
call,69532,69532,5915,706,95346,911
call,69484,69484,5915,5150,99790,912
call,68712,68712,5915,6480,101120,913
call,68679,68679,5915,6480,101120,914
call,70433,70433,5915,6614,101254,915
call,69842,69842,2065,8,33048,916
call,69806,69806,5915,6618,101258,917
call,71420,71420,2065,10480,43520,918
call,71199,71199,5915,5736,100376,919
call,71183,71183,5915,5736,100376,920
call,71167,71167,5915,5736,100376,921
call,71140,71140,5915,5736,100376,922
call,71124,71124,5915,5736,100376,923
call,71109,71109,5915,5736,100376,924
call,71032,71032,5915,706,95346,925
call,70522,70522,5915,6616,101256,926
call,72355,72355,5915,706,95346,927
call,72268,72268,5915,706,95346,929
call,72231,72231,5915,706,95346,930
call,72192,72192,5915,706,95346,931
call,72108,72108,5915,706,95346,932
call,72066,72066,5915,706,95346,933
call,71940,71940,5915,706,95346,934
call,71757,71757,5915,706,95346,935
call,73303,73303,5915,5736,100376,936
call,73287,73287,5915,5736,100376,937
call,73271,73271,5915,5736,100376,938
call,73255,73255,5915,5722,100362,939
call,73243,73243,5915,5736,100376,940
call,73227,73227,5915,5736,100376,941
call,73212,73212,5915,5722,100362,942
call,73200,73200,5915,5736,100376,943
call,73184,73184,5915,5736,100376,944
call,73168,73168,5915,5736,100376,945
call,73152,73152,5915,5736,100376,946
call,73136,73136,5915,5722,100362,947
call,73124,73124,5915,5736,100376,948
call,72746,72746,5915,4118,98758,949
call,72722,72722,5915,3552,98192,950
call,72691,72691,5915,3552,98192,951
call,72645,72645,5915,3700,98340,952
call,72626,72626,5915,706,95346,953
call,72611,72611,2065,14632,47672,954
call,72542,72542,5915,706,95346,955
call,72380,72380,5915,706,95346,958
call,74243,74243,5915,5736,100376,959
call,74228,74228,5915,5736,100376,960
call,74213,74213,5915,5722,100362,961
call,74202,74202,5915,5736,100376,962
call,74187,74187,5915,5722,100362,963
call,74176,74176,5915,5736,100376,964
call,74161,74161,5915,5736,100376,965
call,74147,74147,5915,5722,100362,966
call,74136,74136,5915,5736,100376,967
call,74121,74121,5915,5736,100376,968
call,74106,74106,5915,5736,100376,969
call,74091,74091,5915,5736,100376,970
call,74076,74076,5915,5722,100362,971
call,74065,74065,5915,5736,100376,972
call,74050,74050,5915,5736,100376,973
call,74035,74035,5915,5736,100376,974
call,73997,73997,5915,706,95346,975
call,73977,73977,5915,3520,98160,976
call,73728,73728,5915,4118,98758,977
call,73318,73318,5915,5736,100376,978
call,74987,74987,5915,4118,98758,979
call,74968,74968,5915,3552,98192,980
call,74941,74941,5915,4118,98758,981
call,74854,74854,5915,3700,98340,982
call,74822,74822,5915,706,95346,983
call,74741,74741,5915,5736,100376,984
call,74376,74376,5915,5736,100376,985
call,74326,74326,5915,706,95346,986
call,76145,76145,2065,14632,47672,987
call,76106,76106,2065,14632,47672,988
call,76073,76073,2065,14632,47672,989
call,76040,76040,2065,14632,47672,990
call,76010,76010,2065,14632,47672,991
call,75980,75980,2065,14632,47672,992
call,75947,75947,2065,14632,47672,993
call,75519,75519,2065,14632,47672,994
call,75485,75485,2065,14632,47672,995
call,75458,75458,2065,14632,47672,996
call,75406,75406,5915,5736,100376,997
call,75390,75390,5915,5736,100376,998
call,75368,75368,5915,706,95346,999
call,75310,75310,5915,706,95346,1000
call,75290,75290,5915,3520,98160,1001
call,77013,77013,2065,14632,47672,1002
call,76951,76951,2065,14632,47672,1003
call,76871,76871,2065,14632,47672,1004
call,76818,76818,2065,14632,47672,1005
call,76737,76737,2065,14632,47672,1006
call,76358,76358,2065,14632,47672,1007
call,76328,76328,2065,14632,47672,1008
call,76178,76178,2065,14632,47672,1009
call,78026,78026,2065,14632,47672,1010
call,77939,77939,2065,14632,47672,1011
call,77903,77903,2065,14632,47672,1012
call,77870,77870,2065,14632,47672,1013
call,77834,77834,2065,14632,47672,1014
call,77795,77795,2065,14632,47672,1015
call,77749,77749,2065,14632,47672,1016
call,77703,77703,2065,14632,47672,1017
call,77659,77659,2065,14632,47672,1018
call,77618,77618,2065,14632,47672,1019
call,77577,77577,2065,14632,47672,1020
call,77536,77536,2065,14632,47672,1021
call,77498,77498,2065,14632,47672,1022
call,77386,77386,2065,14632,47672,1023
call,77324,77324,2065,14632,47672,1024
call,77281,77281,2065,14632,47672,1025
call,77241,77241,2065,14632,47672,1026
call,77201,77201,2065,14632,47672,1027
call,77161,77161,2065,14632,47672,1028
call,77124,77124,2065,14632,47672,1029
call,78966,78966,5915,6822,101462,1030
call,78959,78959,5915,6618,101258,1031
call,78930,78930,5915,6822,101462,1032
call,78923,78923,5915,6618,101258,1033
call,78894,78894,5915,6822,101462,1034
call,78887,78887,5915,6618,101258,1035
call,78857,78857,5915,6822,101462,1036
call,78850,78850,5915,6618,101258,1037
call,78820,78820,5915,6822,101462,1038
call,78813,78813,5915,6618,101258,1039
call,78800,78800,5915,6618,101258,1040
call,78745,78745,5915,5632,100272,1041
call,78555,78555,2065,9746,42786,1042
call,78460,78460,5915,4118,98758,1043
call,78441,78441,5915,3552,98192,1044
call,78309,78309,5915,3700,98340,1045
call,78290,78290,5915,706,95346,1046
call,78140,78140,2065,14632,47672,1047
call,78102,78102,2065,14632,47672,1048
call,78067,78067,2065,14632,47672,1049
call,79930,79930,5915,5244,99884,1050
call,79904,79904,5915,5150,99790,1051
call,79787,79787,2065,9746,42786,1052
call,79185,79185,5915,6618,101258,1053
call,79146,79146,5915,5244,99884,1054
call,79060,79060,5915,6822,101462,1055
call,79038,79038,5915,6822,101462,1056
call,79031,79031,5915,6618,101258,1057
call,79002,79002,5915,6822,101462,1058
call,78995,78995,5915,6618,101258,1059
call,80860,80860,5915,5150,99790,1060
call,80758,80758,5915,5150,99790,1061
call,80716,80716,5915,6534,101174,1062
call,80704,80704,5915,4352,98992,1063
call,80685,80685,5915,3552,98192,1064
call,80604,80604,5915,5244,99884,1065
call,80517,80517,5915,6822,101462,1066
call,80495,80495,5915,6822,101462,1067
call,80488,80488,5915,6618,101258,1068
call,80459,80459,5915,6822,101462,1069
call,80452,80452,5915,6618,101258,1070
call,80423,80423,5915,6822,101462,1071
call,80416,80416,5915,6618,101258,1072
call,80387,80387,5915,6822,101462,1073
call,80380,80380,5915,6618,101258,1074
call,80351,80351,5915,6822,101462,1075
call,80344,80344,5915,6618,101258,1076
call,80314,80314,5915,6822,101462,1077
call,80307,80307,5915,6618,101258,1078
call,80277,80277,5915,6822,101462,1079
call,80270,80270,5915,6618,101258,1080
call,80242,80242,5915,5632,100272,1081
call,81781,81781,5915,5592,100232,1082
call,81769,81769,5915,5592,100232,1083
call,81760,81760,5915,5554,100194,1084
call,81660,81660,5915,5554,100194,1085
call,81652,81652,5915,5592,100232,1086
call,81644,81644,5915,6616,101256,1087
call,81636,81636,5915,6592,101232,1088
call,81619,81619,5915,6614,101254,1089
call,81594,81594,5915,5244,99884,1090
call,81568,81568,5915,5632,100272,1091
call,81382,81382,5915,706,95346,1092
call,81326,81326,5915,6822,101462,1093
call,81304,81304,5915,6822,101462,1094
call,81297,81297,5915,6618,101258,1095
call,81273,81273,5915,6822,101462,1096
call,81266,81266,5915,6618,101258,1097
call,81237,81237,5915,6822,101462,1098
call,81230,81230,5915,6618,101258,1099
call,81201,81201,5915,6822,101462,1100
call,81194,81194,5915,6618,101258,1101
call,81165,81165,5915,6822,101462,1102
call,81158,81158,5915,6618,101258,1103
call,81128,81128,5915,6822,101462,1104
call,81121,81121,5915,6618,101258,1105
call,81091,81091,5915,6822,101462,1106
call,81084,81084,5915,6618,101258,1107
call,81048,81048,5915,706,95346,1108
call,80956,80956,5915,5244,99884,1109
call,80930,80930,5915,5632,100272,1110
call,80914,80914,5915,3520,98160,1111
call,80886,80886,5915,5244,99884,1112
call,82751,82751,5915,6822,101462,1113
call,82744,82744,5915,6618,101258,1114
call,82719,82719,5915,6822,101462,1115
call,82712,82712,5915,6618,101258,1116
call,82687,82687,5915,6822,101462,1117
call,82680,82680,5915,6618,101258,1118
call,82654,82654,5915,6822,101462,1119
call,82647,82647,5915,6618,101258,1120
call,82636,82636,5915,6994,101634,1121
call,82556,82556,5915,706,95346,1122
call,82481,82481,5915,6822,101462,1123
call,82459,82459,5915,6822,101462,1124
call,82452,82452,5915,6618,101258,1125
call,82428,82428,5915,6822,101462,1126
call,82421,82421,5915,6618,101258,1127
call,82392,82392,5915,6822,101462,1128
call,82385,82385,5915,6618,101258,1129
call,82356,82356,5915,6822,101462,1130
call,82349,82349,5915,6618,101258,1131
call,82320,82320,5915,6822,101462,1132
call,82313,82313,5915,6618,101258,1133
call,82240,82240,5915,706,95346,1134
call,82062,82062,5915,6616,101256,1135
call,82054,82054,5915,6592,101232,1136
call,82037,82037,5915,6614,101254,1138
call,83576,83576,5915,706,95346,1139
call,83539,83539,5915,3520,98160,1140
call,83465,83465,5915,5736,100376,1141
call,83435,83435,5915,3520,98160,1142
call,83419,83419,5915,4352,98992,1143
call,83284,83284,5915,5736,100376,1144
call,83252,83252,5915,3520,98160,1145
call,83236,83236,5915,4352,98992,1146
call,83153,83153,5915,5722,100362,1147
call,83136,83136,5915,5736,100376,1148
call,83121,83121,5915,4352,98992,1149
call,82970,82970,5915,3700,98340,1150
call,82920,82920,5915,5150,99790,1151
call,82906,82906,5915,706,95346,1152
call,82828,82828,5915,6822,101462,1153
call,82810,82810,5915,6822,101462,1154
call,82803,82803,5915,6618,101258,1155
call,82783,82783,5915,6822,101462,1156
call,82776,82776,5915,6618,101258,1157
call,84165,84165,5915,5150,99790,1158
call,84120,84120,5915,5150,99790,1159
call,84076,84076,5915,5150,99790,1160
call,84032,84032,5915,5150,99790,1161
call,83988,83988,5915,5150,99790,1162
call,83944,83944,5915,5150,99790,1163
call,83900,83900,5915,5150,99790,1164
call,83856,83856,5915,5150,99790,1165
call,83812,83812,5915,5150,99790,1166
call,85593,85593,2065,14632,47672,1167
call,85559,85559,2065,14632,47672,1168
call,85440,85440,5915,706,95346,1169
call,85401,85401,2065,14632,47672,1170
call,85228,85228,2065,14632,47672,1171
call,85099,85099,2065,14632,47672,1172
call,84974,84974,2065,14632,47672,1173
call,84716,84716,5915,706,95346,1174
call,86512,86512,5915,5150,99790,1175
call,86468,86468,5915,5150,99790,1176
call,86416,86416,5915,706,95346,1177
call,86050,86050,5915,706,95346,1178
call,85988,85988,5915,5150,99790,1179
call,85936,85936,5915,706,95346,1180
call,85890,85890,2065,14632,47672,1181
call,85824,85824,2065,14632,47672,1182
call,85790,85790,2065,14632,47672,1183
call,85734,85734,2065,14632,47672,1184
call,85700,85700,2065,14632,47672,1185
call,85657,85657,2065,14632,47672,1186
call,85627,85627,2065,14632,47672,1187
call,87144,87144,2065,14632,47672,1188
call,87107,87107,2065,14632,47672,1189
call,87067,87067,2065,14632,47672,1190
call,87030,87030,2065,14632,47672,1191
call,86752,86752,5915,706,95346,1192
call,86701,86701,5915,5150,99790,1193
call,86638,86638,5915,706,95346,1194
call,86556,86556,5915,5150,99790,1195
call,88394,88394,5915,706,95346,1196
call,87556,87556,2065,14632,47672,1197
call,89371,89371,5915,6822,101462,1198
call,89364,89364,5915,6618,101258,1199
call,89340,89340,5915,6822,101462,1200
call,89333,89333,5915,6618,101258,1201
call,89304,89304,5915,6822,101462,1202
call,89297,89297,5915,6618,101258,1203
call,89268,89268,5915,6822,101462,1204
call,89261,89261,5915,6618,101258,1205
call,89232,89232,5915,6822,101462,1206
call,89225,89225,5915,6618,101258,1207
call,89008,89008,5915,4118,98758,1208
call,88968,88968,5915,3700,98340,1209
call,88830,88830,5915,5150,99790,1210
call,88786,88786,5915,5150,99790,1211
call,88758,88758,5915,5150,99790,1212
call,88698,88698,5915,706,95346,1213
call,90303,90303,5915,5150,99790,1214
call,90155,90155,5915,5150,99790,1215
call,90091,90091,5915,5150,99790,1216
call,90028,90028,5915,5150,99790,1217
call,89984,89984,5915,5150,99790,1218
call,89932,89932,5915,706,95346,1219
call,89712,89712,5915,3520,98160,1220
call,89614,89614,5915,6822,101462,1221
call,89596,89596,5915,6822,101462,1222
call,89589,89589,5915,6618,101258,1223
call,89569,89569,5915,6822,101462,1224
call,89562,89562,5915,6618,101258,1225
call,89537,89537,5915,6822,101462,1226
call,89530,89530,5915,6618,101258,1227
call,89505,89505,5915,6822,101462,1228
call,89498,89498,5915,6618,101258,1229
call,89487,89487,5915,6994,101634,1230
call,89393,89393,5915,6822,101462,1231
call,90953,90953,5915,4118,98758,1233
call,90851,90851,5915,4118,98758,1234
call,90825,90825,5915,3552,98192,1235
call,90794,90794,5915,3700,98340,1236
call,90602,90602,5915,706,95346,1237
call,90510,90510,5915,706,95346,1238
call,90391,90391,5915,5150,99790,1239
call,90347,90347,5915,5150,99790,1240
call,92158,92158,5915,706,95346,1241
call,91452,91452,5915,706,95346,1242
call,91360,91360,5915,3520,98160,1243
call,92453,92453,5915,706,95346,1244
call,93221,93221,5915,471,95111,1245
call,93209,93209,5915,1528,96168,1246
call,93197,93197,5915,1528,96168,1247
call,93170,93170,3106,22566,72262,1248
call,93112,93112,3106,22238,71934,1249
call,93090,93090,3106,22490,72186,1250
call,93042,93042,3106,22490,72186,1251
call,92998,92998,5915,471,95111,1252
call,92986,92986,5915,1528,96168,1253
call,92966,92966,3106,22490,72186,1254
call,92761,92761,3106,3012,52708,1255
call,92746,92746,5915,471,95111,1256
call,92734,92734,5915,1528,96168,1257
call,92714,92714,3106,22490,72186,1258
call,92702,92702,5915,471,95111,1259
call,92690,92690,5915,1528,96168,1260
call,92670,92670,3106,22490,72186,1261
call,92658,92658,5915,6516,101156,1262
call,92647,92647,5915,5750,100390,1263
call,92534,92534,3106,1866,51562,1264
call,92528,92528,5915,706,95346,1265
call,94385,94385,3106,22056,71752,1266
call,94301,94301,5915,5736,100376,1267
call,94283,94283,5915,5736,100376,1268
call,94267,94267,5915,5736,100376,1269
call,94249,94249,5915,5736,100376,1270
call,94098,94098,3106,22056,71752,1271
call,94086,94086,5915,5736,100376,1272
call,94070,94070,5915,5736,100376,1273
call,94054,94054,5915,5736,100376,1274
call,94038,94038,5915,5736,100376,1275
call,94012,94012,3106,22924,72620,1276
call,94000,94000,3106,22056,71752,1277
call,93899,93899,3106,25608,75304,1278
call,93884,93884,3106,22056,71752,1279
call,93859,93859,5915,5736,100376,1280
call,93843,93843,5915,5736,100376,1281
call,93827,93827,5915,5736,100376,1282
call,93812,93812,5915,5736,100376,1283
call,93796,93796,3106,22924,72620,1284
call,93787,93787,3106,4480,54176,1285
call,93779,93779,3106,22924,72620,1286
call,93768,93768,3106,22056,71752,1287
call,93760,93760,3106,15326,65022,1288
call,93726,93726,3106,13912,63608,1289
call,93701,93701,5915,6574,101214,1290
call,93692,93692,5915,6616,101256,1291
call,93684,93684,5915,6592,101232,1292
call,93668,93668,5915,6614,101254,1294
call,93653,93653,5915,6574,101214,1295
call,93645,93645,5915,6616,101256,1296
call,93637,93637,5915,6592,101232,1297
call,93620,93620,5915,6614,101254,1299
call,93605,93605,5915,6574,101214,1300
call,94639,94639,3106,15908,65604,1301
call,94631,94631,5915,3520,98160,1302
call,94584,94584,5915,4118,98758,1303
call,94559,94559,5915,3700,98340,1304
call,94819,94819,5915,1180,95820,1307
call,94824,94824,5915,778,95418,1308
call,94831,94831,5915,274,94914,1309
call,94850,94850,0,0,0,1310
call,95197,95197,5915,742,95382,1314
call,96056,96056,5915,4692,99332,1315
call,96199,96199,5915,2280,96920,1316
call,96469,96469,5915,4692,99332,1318
call,96620,96620,5915,4692,99332,1319
call,96867,96867,5915,2064,96704,1320
call,96782,96782,5915,4352,98992,1321
call,99085,99085,5915,4672,99312,1322
jump,99332,99332,5915,4731,99371,1323
call,100158,100158,5915,5312,99952,1330
call,100134,100134,5915,5244,99884,1331
call,100120,100120,5915,5244,99884,1332
call,100346,100346,5915,1590,96230,1333
call,100312,100312,5915,2280,96920,1334
call,100448,100448,5915,6222,100862,1335
call,100626,100626,5915,5272,99912,1336
call,100560,100560,5915,6772,101412,1337
call,100550,100550,5915,5370,100010,1338
call,100532,100532,5915,5272,99912,1339
call,100498,100498,5915,5458,100098,1340
call,100481,100481,5915,5852,100492,1341
call,101087,101087,5915,6020,100660,1342
call,101026,101026,5915,6772,101412,1343
call,101007,101007,5915,6772,101412,1344
call,100988,100988,5915,6772,101412,1345
call,100948,100948,5915,5834,100474,1346
call,100901,100901,5915,6772,101412,1347
call,101190,101190,5915,6772,101412,1348
