index,site_segment,site_offset,module_offset,file_offset
0,0x0000,0x037A,0x0037A,0x0197A
1,0x0000,0x0344,0x00344,0x01944
2,0x0000,0x033C,0x0033C,0x0193C
3,0x0000,0x0318,0x00318,0x01918
4,0x0000,0x02F6,0x002F6,0x018F6
5,0x0000,0x02EE,0x002EE,0x018EE
6,0x0000,0x02CF,0x002CF,0x018CF
7,0x0000,0x02AD,0x002AD,0x018AD
8,0x0000,0x028E,0x0028E,0x0188E
9,0x0000,0x0220,0x00220,0x01820
10,0x0000,0x00D7,0x000D7,0x016D7
11,0x0000,0x00AE,0x000AE,0x016AE
12,0x0000,0x00A2,0x000A2,0x016A2
13,0x0000,0x0088,0x00088,0x01688
14,0x0000,0x0010,0x00010,0x01610
15,0x0000,0x0009,0x00009,0x01609
16,0x0000,0x0730,0x00730,0x01D30
17,0x0000,0x065C,0x0065C,0x01C5C
18,0x0000,0x0631,0x00631,0x01C31
19,0x0000,0x0609,0x00609,0x01C09
20,0x0000,0x05DD,0x005DD,0x01BDD
21,0x0000,0x05B5,0x005B5,0x01BB5
22,0x0000,0x058D,0x0058D,0x01B8D
23,0x0000,0x0562,0x00562,0x01B62
24,0x0000,0x0537,0x00537,0x01B37
25,0x0000,0x050F,0x0050F,0x01B0F
26,0x0000,0x04E4,0x004E4,0x01AE4
27,0x0000,0x047F,0x0047F,0x01A7F
28,0x0000,0x0454,0x00454,0x01A54
29,0x0000,0x040A,0x0040A,0x01A0A
30,0x0000,0x03FE,0x003FE,0x019FE
31,0x0000,0x03F2,0x003F2,0x019F2
32,0x0000,0x09EB,0x009EB,0x01FEB
33,0x0000,0x097E,0x0097E,0x01F7E
34,0x0000,0x092A,0x0092A,0x01F2A
35,0x0000,0x08A8,0x008A8,0x01EA8
36,0x0000,0x0886,0x00886,0x01E86
37,0x0000,0x0DED,0x00DED,0x023ED
38,0x0000,0x0DC6,0x00DC6,0x023C6
39,0x0000,0x0DA2,0x00DA2,0x023A2
40,0x0000,0x0D78,0x00D78,0x02378
41,0x0000,0x0D16,0x00D16,0x02316
42,0x0000,0x0CE8,0x00CE8,0x022E8
43,0x0000,0x0CC6,0x00CC6,0x022C6
44,0x0000,0x0CA2,0x00CA2,0x022A2
45,0x0000,0x0C7E,0x00C7E,0x0227E
46,0x0000,0x0C17,0x00C17,0x02217
47,0x0000,0x1229,0x01229,0x02829
48,0x0000,0x120A,0x0120A,0x0280A
49,0x0000,0x1196,0x01196,0x02796
50,0x0000,0x117F,0x0117F,0x0277F
51,0x0000,0x117A,0x0117A,0x0277A
52,0x0000,0x1172,0x01172,0x02772
53,0x0000,0x116A,0x0116A,0x0276A
54,0x0000,0x1158,0x01158,0x02758
55,0x0000,0x114D,0x0114D,0x0274D
56,0x0000,0x1070,0x01070,0x02670
57,0x0000,0x1051,0x01051,0x02651
58,0x0000,0x0F03,0x00F03,0x02503
59,0x0000,0x0EDA,0x00EDA,0x024DA
60,0x0000,0x0ECB,0x00ECB,0x024CB
61,0x0000,0x1515,0x01515,0x02B15
62,0x0000,0x1434,0x01434,0x02A34
63,0x0000,0x13EA,0x013EA,0x029EA
64,0x0000,0x13D0,0x013D0,0x029D0
65,0x0000,0x1378,0x01378,0x02978
66,0x0000,0x1359,0x01359,0x02959
67,0x0000,0x17E5,0x017E5,0x02DE5
68,0x0000,0x17D7,0x017D7,0x02DD7
69,0x0000,0x179E,0x0179E,0x02D9E
70,0x0000,0x178F,0x0178F,0x02D8F
71,0x0000,0x1742,0x01742,0x02D42
72,0x0000,0x171A,0x0171A,0x02D1A
73,0x0000,0x1680,0x01680,0x02C80
74,0x0000,0x165D,0x0165D,0x02C5D
75,0x0000,0x1D83,0x01D83,0x03383
76,0x0000,0x1D71,0x01D71,0x03371
77,0x0000,0x1D66,0x01D66,0x03366
78,0x0000,0x1C88,0x01C88,0x03288
79,0x0000,0x1C70,0x01C70,0x03270
80,0x0000,0x1C61,0x01C61,0x03261
81,0x0000,0x1C52,0x01C52,0x03252
82,0x0000,0x1AFA,0x01AFA,0x030FA
83,0x0000,0x20AB,0x020AB,0x036AB
84,0x0000,0x208B,0x0208B,0x0368B
85,0x0000,0x1F7D,0x01F7D,0x0357D
86,0x0000,0x1F63,0x01F63,0x03563
87,0x0000,0x1EA8,0x01EA8,0x034A8
88,0x0000,0x1DAF,0x01DAF,0x033AF
89,0x0000,0x1D98,0x01D98,0x03398
90,0x0000,0x1D93,0x01D93,0x03393
91,0x0000,0x1D8B,0x01D8B,0x0338B
92,0x0000,0x2489,0x02489,0x03A89
93,0x0000,0x23E4,0x023E4,0x039E4
94,0x0000,0x233D,0x0233D,0x0393D
95,0x0000,0x229B,0x0229B,0x0389B
96,0x0000,0x2146,0x02146,0x03746
97,0x0000,0x260B,0x0260B,0x03C0B
98,0x0000,0x2C1E,0x02C1E,0x0421E
99,0x0000,0x2C16,0x02C16,0x04216
100,0x0000,0x2C01,0x02C01,0x04201
101,0x0000,0x291E,0x0291E,0x03F1E
102,0x0000,0x2FED,0x02FED,0x045ED
103,0x0000,0x2FCD,0x02FCD,0x045CD
104,0x0000,0x2F21,0x02F21,0x04521
105,0x0000,0x2E7A,0x02E7A,0x0447A
106,0x0000,0x2DCE,0x02DCE,0x043CE
107,0x0000,0x2DA6,0x02DA6,0x043A6
108,0x0000,0x2D37,0x02D37,0x04337
109,0x0000,0x2D20,0x02D20,0x04320
110,0x0000,0x2D1B,0x02D1B,0x0431B
111,0x0000,0x2D13,0x02D13,0x04313
112,0x0000,0x2D0B,0x02D0B,0x0430B
113,0x0000,0x2CF9,0x02CF9,0x042F9
114,0x0000,0x2CEE,0x02CEE,0x042EE
115,0x0000,0x2CB8,0x02CB8,0x042B8
116,0x0000,0x2CB0,0x02CB0,0x042B0
117,0x0000,0x2C9E,0x02C9E,0x0429E
118,0x0000,0x2C93,0x02C93,0x04293
119,0x0000,0x3332,0x03332,0x04932
120,0x0000,0x3309,0x03309,0x04909
121,0x0000,0x32EA,0x032EA,0x048EA
122,0x0000,0x3123,0x03123,0x04723
123,0x0000,0x3739,0x03739,0x04D39
124,0x0000,0x36A9,0x036A9,0x04CA9
125,0x0000,0x3541,0x03541,0x04B41
126,0x0000,0x3AE1,0x03AE1,0x050E1
127,0x0000,0x39B4,0x039B4,0x04FB4
128,0x0000,0x3973,0x03973,0x04F73
129,0x0000,0x3941,0x03941,0x04F41
130,0x0000,0x3901,0x03901,0x04F01
131,0x0000,0x3841,0x03841,0x04E41
132,0x0000,0x3829,0x03829,0x04E29
133,0x0000,0x3E94,0x03E94,0x05494
134,0x0000,0x3B87,0x03B87,0x05187
135,0x0000,0x3B54,0x03B54,0x05154
136,0x0000,0x3B18,0x03B18,0x05118
137,0x0000,0x4278,0x04278,0x05878
138,0x0000,0x4270,0x04270,0x05870
139,0x0000,0x41AF,0x041AF,0x057AF
140,0x0000,0x414A,0x0414A,0x0574A
141,0x0000,0x4123,0x04123,0x05723
142,0x0000,0x4108,0x04108,0x05708
143,0x0000,0x45A8,0x045A8,0x05BA8
144,0x0000,0x459D,0x0459D,0x05B9D
145,0x0000,0x4592,0x04592,0x05B92
146,0x0000,0x4586,0x04586,0x05B86
147,0x0000,0x457E,0x0457E,0x05B7E
148,0x0000,0x4519,0x04519,0x05B19
149,0x0000,0x44E8,0x044E8,0x05AE8
150,0x0000,0x443C,0x0443C,0x05A3C
151,0x0000,0x43A4,0x043A4,0x059A4
152,0x0000,0x4386,0x04386,0x05986
153,0x0000,0x47B5,0x047B5,0x05DB5
154,0x0000,0x47A9,0x047A9,0x05DA9
155,0x0000,0x479D,0x0479D,0x05D9D
156,0x0000,0x4787,0x04787,0x05D87
157,0x0000,0x475E,0x0475E,0x05D5E
158,0x0000,0x510D,0x0510D,0x0670D
159,0x0000,0x50EC,0x050EC,0x066EC
160,0x0000,0x50C2,0x050C2,0x066C2
161,0x0000,0x5096,0x05096,0x06696
162,0x0000,0x5017,0x05017,0x06617
163,0x0000,0x4FF7,0x04FF7,0x065F7
164,0x0000,0x4FE8,0x04FE8,0x065E8
165,0x0000,0x4FCE,0x04FCE,0x065CE
166,0x0000,0x4F80,0x04F80,0x06580
167,0x0000,0x4F1B,0x04F1B,0x0651B
168,0x0000,0x534D,0x0534D,0x0694D
169,0x0000,0x5336,0x05336,0x06936
170,0x0000,0x52D1,0x052D1,0x068D1
171,0x0000,0x5266,0x05266,0x06866
172,0x0000,0x525A,0x0525A,0x0685A
173,0x0000,0x589A,0x0589A,0x06E9A
174,0x0000,0x57A2,0x057A2,0x06DA2
175,0x0000,0x5796,0x05796,0x06D96
176,0x0000,0x578A,0x0578A,0x06D8A
177,0x0000,0x5781,0x05781,0x06D81
178,0x0000,0x572F,0x0572F,0x06D2F
179,0x0000,0x5712,0x05712,0x06D12
180,0x0000,0x570B,0x0570B,0x06D0B
181,0x0000,0x56DE,0x056DE,0x06CDE
182,0x0000,0x56D7,0x056D7,0x06CD7
183,0x0000,0x5699,0x05699,0x06C99
184,0x0000,0x5678,0x05678,0x06C78
185,0x0000,0x5671,0x05671,0x06C71
186,0x0000,0x5648,0x05648,0x06C48
187,0x0000,0x5641,0x05641,0x06C41
188,0x0000,0x5C4A,0x05C4A,0x0724A
189,0x0000,0x5BB3,0x05BB3,0x071B3
190,0x0000,0x5B95,0x05B95,0x07195
191,0x0000,0x5B33,0x05B33,0x07133
192,0x0000,0x5B0F,0x05B0F,0x0710F
193,0x0000,0x5AEE,0x05AEE,0x070EE
194,0x0000,0x5AD0,0x05AD0,0x070D0
195,0x0000,0x5A60,0x05A60,0x07060
196,0x0000,0x5A3C,0x05A3C,0x0703C
197,0x0000,0x5A1B,0x05A1B,0x0701B
198,0x0000,0x59FD,0x059FD,0x06FFD
199,0x0000,0x5935,0x05935,0x06F35
200,0x0000,0x591E,0x0591E,0x06F1E
201,0x0000,0x58E7,0x058E7,0x06EE7
202,0x0000,0x58A8,0x058A8,0x06EA8
203,0x0000,0x5FA6,0x05FA6,0x075A6
204,0x0000,0x5F78,0x05F78,0x07578
205,0x0000,0x5F3A,0x05F3A,0x0753A
206,0x0000,0x5EF1,0x05EF1,0x074F1
207,0x0000,0x5E8C,0x05E8C,0x0748C
208,0x0000,0x5E65,0x05E65,0x07465
209,0x0000,0x5DF6,0x05DF6,0x073F6
210,0x0000,0x5DCB,0x05DCB,0x073CB
211,0x0000,0x5DAD,0x05DAD,0x073AD
212,0x0000,0x5D5A,0x05D5A,0x0735A
213,0x0000,0x5D36,0x05D36,0x07336
214,0x0000,0x5CE4,0x05CE4,0x072E4
215,0x0000,0x5CC0,0x05CC0,0x072C0
216,0x0000,0x5C6E,0x05C6E,0x0726E
217,0x0000,0x63AA,0x063AA,0x079AA
218,0x0000,0x6376,0x06376,0x07976
219,0x0000,0x6157,0x06157,0x07757
220,0x0000,0x6128,0x06128,0x07728
221,0x0000,0x6111,0x06111,0x07711
222,0x0000,0x60B1,0x060B1,0x076B1
223,0x0000,0x6089,0x06089,0x07689
224,0x0000,0x606B,0x0606B,0x0766B
225,0x0000,0x600B,0x0600B,0x0760B
226,0x0000,0x6752,0x06752,0x07D52
227,0x0000,0x6724,0x06724,0x07D24
228,0x0000,0x66F6,0x066F6,0x07CF6
229,0x0000,0x66CB,0x066CB,0x07CCB
230,0x0000,0x6618,0x06618,0x07C18
231,0x0000,0x65F3,0x065F3,0x07BF3
232,0x0000,0x6552,0x06552,0x07B52
233,0x0000,0x652D,0x0652D,0x07B2D
234,0x0000,0x648C,0x0648C,0x07A8C
235,0x0000,0x6444,0x06444,0x07A44
236,0x0000,0x63D8,0x063D8,0x079D8
237,0x0000,0x63CC,0x063CC,0x079CC
238,0x0000,0x63C0,0x063C0,0x079C0
239,0x0000,0x6B04,0x06B04,0x08104
240,0x0000,0x6A6F,0x06A6F,0x0806F
241,0x0000,0x6A4D,0x06A4D,0x0804D
242,0x0000,0x6A2F,0x06A2F,0x0802F
243,0x0000,0x699A,0x0699A,0x07F9A
244,0x0000,0x6972,0x06972,0x07F72
245,0x0000,0x6941,0x06941,0x07F41
246,0x0000,0x6913,0x06913,0x07F13
247,0x0000,0x68E5,0x068E5,0x07EE5
248,0x0000,0x68B7,0x068B7,0x07EB7
249,0x0000,0x688C,0x0688C,0x07E8C
250,0x0000,0x67D9,0x067D9,0x07DD9
251,0x0000,0x67B1,0x067B1,0x07DB1
252,0x0000,0x6780,0x06780,0x07D80
253,0x0000,0x6E03,0x06E03,0x08403
254,0x0000,0x6DE1,0x06DE1,0x083E1
255,0x0000,0x6DBC,0x06DBC,0x083BC
256,0x0000,0x6DA1,0x06DA1,0x083A1
257,0x0000,0x6CF4,0x06CF4,0x082F4
258,0x0000,0x6CCF,0x06CCF,0x082CF
259,0x0000,0x6CB1,0x06CB1,0x082B1
260,0x0000,0x6C1C,0x06C1C,0x0821C
261,0x0000,0x6BF7,0x06BF7,0x081F7
262,0x0000,0x6BD9,0x06BD9,0x081D9
263,0x0000,0x6B44,0x06B44,0x08144
264,0x0000,0x6B22,0x06B22,0x08122
265,0x0000,0x725F,0x0725F,0x0885F
266,0x0000,0x720B,0x0720B,0x0880B
267,0x0000,0x7206,0x07206,0x08806
268,0x0000,0x71DF,0x071DF,0x087DF
269,0x0000,0x71D0,0x071D0,0x087D0
270,0x0000,0x71C8,0x071C8,0x087C8
271,0x0000,0x71B9,0x071B9,0x087B9
272,0x0000,0x71A3,0x071A3,0x087A3
273,0x0000,0x7194,0x07194,0x08794
274,0x0000,0x716A,0x0716A,0x0876A
275,0x0000,0x7138,0x07138,0x08738
276,0x0000,0x7124,0x07124,0x08724
277,0x0000,0x7063,0x07063,0x08663
278,0x0000,0x6FC2,0x06FC2,0x085C2
279,0x0000,0x6FA0,0x06FA0,0x085A0
280,0x0000,0x6F7E,0x06F7E,0x0857E
281,0x0000,0x6F5F,0x06F5F,0x0855F
282,0x0000,0x6F3D,0x06F3D,0x0853D
283,0x0000,0x6F22,0x06F22,0x08522
284,0x0000,0x7628,0x07628,0x08C28
285,0x0000,0x75DF,0x075DF,0x08BDF
286,0x0000,0x75CD,0x075CD,0x08BCD
287,0x0000,0x7578,0x07578,0x08B78
288,0x0000,0x754C,0x0754C,0x08B4C
289,0x0000,0x74E4,0x074E4,0x08AE4
290,0x0000,0x74DD,0x074DD,0x08ADD
291,0x0000,0x74B4,0x074B4,0x08AB4
292,0x0000,0x74A2,0x074A2,0x08AA2
293,0x0000,0x7489,0x07489,0x08A89
294,0x0000,0x7455,0x07455,0x08A55
295,0x0000,0x744D,0x0744D,0x08A4D
296,0x0000,0x7438,0x07438,0x08A38
297,0x0000,0x7413,0x07413,0x08A13
298,0x0000,0x73FC,0x073FC,0x089FC
299,0x0000,0x73F7,0x073F7,0x089F7
300,0x0000,0x73EF,0x073EF,0x089EF
301,0x0000,0x73E7,0x073E7,0x089E7
302,0x0000,0x73D5,0x073D5,0x089D5
303,0x0000,0x73CA,0x073CA,0x089CA
304,0x0000,0x735D,0x0735D,0x0895D
305,0x0000,0x7351,0x07351,0x08951
306,0x0000,0x7345,0x07345,0x08945
307,0x0000,0x7330,0x07330,0x08930
308,0x0000,0x7320,0x07320,0x08920
309,0x0000,0x72CE,0x072CE,0x088CE
310,0x0000,0x7286,0x07286,0x08886
311,0x0000,0x79DF,0x079DF,0x08FDF
312,0x0000,0x79A3,0x079A3,0x08FA3
313,0x0000,0x7993,0x07993,0x08F93
314,0x0000,0x7940,0x07940,0x08F40
315,0x0000,0x7935,0x07935,0x08F35
316,0x0000,0x7908,0x07908,0x08F08
317,0x0000,0x78C9,0x078C9,0x08EC9
318,0x0000,0x78C1,0x078C1,0x08EC1
319,0x0000,0x78B1,0x078B1,0x08EB1
320,0x0000,0x7806,0x07806,0x08E06
321,0x0000,0x77F9,0x077F9,0x08DF9
322,0x0000,0x7767,0x07767,0x08D67
323,0x0000,0x775E,0x0775E,0x08D5E
324,0x0000,0x7756,0x07756,0x08D56
325,0x0000,0x774A,0x0774A,0x08D4A
326,0x0000,0x7735,0x07735,0x08D35
327,0x0000,0x76F7,0x076F7,0x08CF7
328,0x0000,0x7D74,0x07D74,0x09374
329,0x0000,0x7D61,0x07D61,0x09361
330,0x0000,0x7D53,0x07D53,0x09353
331,0x0000,0x7D34,0x07D34,0x09334
332,0x0000,0x7CF6,0x07CF6,0x092F6
333,0x0000,0x7CBB,0x07CBB,0x092BB
334,0x0000,0x7C80,0x07C80,0x09280
335,0x0000,0x7C45,0x07C45,0x09245
336,0x0000,0x7BDF,0x07BDF,0x091DF
337,0x0000,0x7BD3,0x07BD3,0x091D3
338,0x0000,0x7BC7,0x07BC7,0x091C7
339,0x0000,0x7BAB,0x07BAB,0x091AB
340,0x0000,0x7B76,0x07B76,0x09176
341,0x0000,0x7A49,0x07A49,0x09049
342,0x0000,0x7A00,0x07A00,0x09000
343,0x0000,0x79F7,0x079F7,0x08FF7
344,0x0000,0x810F,0x0810F,0x0970F
345,0x0000,0x80FD,0x080FD,0x096FD
346,0x0000,0x80E7,0x080E7,0x096E7
347,0x0000,0x80D1,0x080D1,0x096D1
348,0x0000,0x80BB,0x080BB,0x096BB
349,0x0000,0x80AF,0x080AF,0x096AF
350,0x0000,0x80A3,0x080A3,0x096A3
351,0x0000,0x8071,0x08071,0x09671
352,0x0000,0x8017,0x08017,0x09617
353,0x0000,0x7FEE,0x07FEE,0x095EE
354,0x0000,0x7FBA,0x07FBA,0x095BA
355,0x0000,0x7F9F,0x07F9F,0x0959F
356,0x0000,0x7F8F,0x07F8F,0x0958F
357,0x0000,0x7F86,0x07F86,0x09586
358,0x0000,0x7F7E,0x07F7E,0x0957E
359,0x0000,0x7F6D,0x07F6D,0x0956D
360,0x0000,0x7F65,0x07F65,0x09565
361,0x0000,0x7F55,0x07F55,0x09555
362,0x0000,0x7F45,0x07F45,0x09545
363,0x0000,0x7F27,0x07F27,0x09527
364,0x0000,0x7EF7,0x07EF7,0x094F7
365,0x0000,0x7ED4,0x07ED4,0x094D4
366,0x0000,0x7ECF,0x07ECF,0x094CF
367,0x0000,0x7EC7,0x07EC7,0x094C7
368,0x0000,0x7EB6,0x07EB6,0x094B6
369,0x0000,0x7EB1,0x07EB1,0x094B1
370,0x0000,0x7EA9,0x07EA9,0x094A9
371,0x0000,0x7E98,0x07E98,0x09498
372,0x0000,0x7E87,0x07E87,0x09487
373,0x0000,0x7E67,0x07E67,0x09467
374,0x0000,0x7DDA,0x07DDA,0x093DA
375,0x0811,0x001A,0x0812A,0x0972A
376,0x0811,0x0011,0x08121,0x09721
377,0x0811,0x0B18,0x08C28,0x0A228
378,0x0811,0x0A6B,0x08B7B,0x0A17B
379,0x0811,0x0A60,0x08B70,0x0A170
380,0x0811,0x0A49,0x08B59,0x0A159
381,0x0811,0x0A2B,0x08B3B,0x0A13B
382,0x0811,0x0903,0x08A13,0x0A013
383,0x0811,0x08F8,0x08A08,0x0A008
384,0x0811,0x08E1,0x089F1,0x09FF1
385,0x0811,0x08C3,0x089D3,0x09FD3
386,0x0811,0x0779,0x08889,0x09E89
387,0x0811,0x0D8E,0x08E9E,0x0A49E
388,0x0811,0x0D31,0x08E41,0x0A441
389,0x0811,0x0D01,0x08E11,0x0A411
390,0x0811,0x15D0,0x096E0,0x0ACE0
391,0x0811,0x15B5,0x096C5,0x0ACC5
392,0x0811,0x159C,0x096AC,0x0ACAC
393,0x0811,0x1585,0x09695,0x0AC95
394,0x0811,0x1561,0x09671,0x0AC71
395,0x0811,0x154A,0x0965A,0x0AC5A
396,0x0811,0x1520,0x09630,0x0AC30
397,0x0811,0x1507,0x09617,0x0AC17
398,0x0811,0x14F5,0x09605,0x0AC05
399,0x0811,0x14CD,0x095DD,0x0ABDD
400,0x0811,0x14A8,0x095B8,0x0ABB8
401,0x0811,0x149A,0x095AA,0x0ABAA
402,0x0811,0x18FA,0x09A0A,0x0B00A
403,0x0811,0x189E,0x099AE,0x0AFAE
404,0x0811,0x17FA,0x0990A,0x0AF0A
405,0x0811,0x17E9,0x098F9,0x0AEF9
406,0x0811,0x17DC,0x098EC,0x0AEEC
407,0x0811,0x17B1,0x098C1,0x0AEC1
408,0x0811,0x177E,0x0988E,0x0AE8E
409,0x0811,0x1767,0x09877,0x0AE77
410,0x0811,0x173D,0x0984D,0x0AE4D
411,0x0811,0x1724,0x09834,0x0AE34
412,0x0811,0x1712,0x09822,0x0AE22
413,0x0811,0x16E6,0x097F6,0x0ADF6
414,0x0811,0x16C7,0x097D7,0x0ADD7
415,0x0811,0x16B9,0x097C9,0x0ADC9
416,0x0811,0x1D37,0x09E47,0x0B447
417,0x0811,0x1CC4,0x09DD4,0x0B3D4
418,0x0811,0x1CAD,0x09DBD,0x0B3BD
419,0x0811,0x1C28,0x09D38,0x0B338
420,0x0811,0x1BE0,0x09CF0,0x0B2F0
421,0x0811,0x2099,0x0A1A9,0x0B7A9
422,0x0811,0x1E29,0x09F39,0x0B539
423,0x0811,0x1D9E,0x09EAE,0x0B4AE
424,0x0811,0x234E,0x0A45E,0x0BA5E
425,0x0811,0x21E0,0x0A2F0,0x0B8F0
426,0x0811,0x26C7,0x0A7D7,0x0BDD7
427,0x0811,0x2673,0x0A783,0x0BD83
428,0x0811,0x264C,0x0A75C,0x0BD5C
429,0x0811,0x261B,0x0A72B,0x0BD2B
430,0x0811,0x2B8C,0x0AC9C,0x0C29C
431,0x0811,0x2B80,0x0AC90,0x0C290
432,0x0811,0x2B5C,0x0AC6C,0x0C26C
433,0x0811,0x2B50,0x0AC60,0x0C260
434,0x0811,0x2B2C,0x0AC3C,0x0C23C
435,0x0811,0x2B1D,0x0AC2D,0x0C22D
436,0x0811,0x2AF9,0x0AC09,0x0C209
437,0x0811,0x2AEA,0x0ABFA,0x0C1FA
438,0x0811,0x2A11,0x0AB21,0x0C121
439,0x0811,0x29BD,0x0AACD,0x0C0CD
440,0x0811,0x2996,0x0AAA6,0x0C0A6
441,0x0811,0x295E,0x0AA6E,0x0C06E
442,0x0811,0x28F9,0x0AA09,0x0C009
443,0x0811,0x3005,0x0B115,0x0C715
444,0x0811,0x2FE3,0x0B0F3,0x0C6F3
445,0x0811,0x2FC4,0x0B0D4,0x0C6D4
446,0x0811,0x2FB3,0x0B0C3,0x0C6C3
447,0x0811,0x2F97,0x0B0A7,0x0C6A7
448,0x0811,0x2F7D,0x0B08D,0x0C68D
449,0x0811,0x2F5E,0x0B06E,0x0C66E
450,0x0811,0x2E93,0x0AFA3,0x0C5A3
451,0x0811,0x2E3F,0x0AF4F,0x0C54F
452,0x0811,0x2E18,0x0AF28,0x0C528
453,0x0811,0x2DE9,0x0AEF9,0x0C4F9
454,0x0811,0x33B3,0x0B4C3,0x0CAC3
455,0x0811,0x336B,0x0B47B,0x0CA7B
456,0x0811,0x334F,0x0B45F,0x0CA5F
457,0x0811,0x3337,0x0B447,0x0CA47
458,0x0811,0x3315,0x0B425,0x0CA25
459,0x0811,0x32F6,0x0B406,0x0CA06
460,0x0811,0x32E5,0x0B3F5,0x0C9F5
461,0x0811,0x32C9,0x0B3D9,0x0C9D9
462,0x0811,0x32AE,0x0B3BE,0x0C9BE
463,0x0811,0x328F,0x0B39F,0x0C99F
464,0x0811,0x31F1,0x0B301,0x0C901
465,0x0811,0x31D0,0x0B2E0,0x0C8E0
466,0x0811,0x30F1,0x0B201,0x0C801
467,0x0811,0x30D0,0x0B1E0,0x0C7E0
468,0x0811,0x3081,0x0B191,0x0C791
469,0x0811,0x3039,0x0B149,0x0C749
470,0x0811,0x301D,0x0B12D,0x0C72D
471,0x0811,0x36E8,0x0B7F8,0x0CDF8
472,0x0811,0x36B4,0x0B7C4,0x0CDC4
473,0x0811,0x3674,0x0B784,0x0CD84
474,0x0811,0x364D,0x0B75D,0x0CD5D
475,0x0811,0x35DE,0x0B6EE,0x0CCEE
476,0x0811,0x351D,0x0B62D,0x0CC2D
477,0x0811,0x34FC,0x0B60C,0x0CC0C
478,0x0811,0x3423,0x0B533,0x0CB33
479,0x0811,0x3402,0x0B512,0x0CB12
480,0x0811,0x3AA3,0x0BBB3,0x0D1B3
481,0x0811,0x39ED,0x0BAFD,0x0D0FD
482,0x0811,0x3998,0x0BAA8,0x0D0A8
483,0x0811,0x3971,0x0BA81,0x0D081
484,0x0811,0x3931,0x0BA41,0x0D041
485,0x0C22,0x029B,0x0C4BB,0x0DABB
486,0x0C22,0x024E,0x0C46E,0x0DA6E
487,0x0C22,0x023D,0x0C45D,0x0DA5D
488,0x0C22,0x0128,0x0C348,0x0D948
489,0x0C22,0x0122,0x0C342,0x0D942
490,0x0C22,0x0110,0x0C330,0x0D930
491,0x0C22,0x00B2,0x0C2D2,0x0D8D2
492,0x0C22,0x006B,0x0C28B,0x0D88B
493,0x0C22,0x0047,0x0C267,0x0D867
494,0x0C22,0x000D,0x0C22D,0x0D82D
495,0x0C22,0x0764,0x0C984,0x0DF84
496,0x0C22,0x0753,0x0C973,0x0DF73
497,0x0C22,0x06E9,0x0C909,0x0DF09
498,0x0C22,0x0A6D,0x0CC8D,0x0E28D
499,0x0C22,0x0A4C,0x0CC6C,0x0E26C
500,0x0C22,0x0952,0x0CB72,0x0E172
501,0x0C22,0x0931,0x0CB51,0x0E151
502,0x0C22,0x08D1,0x0CAF1,0x0E0F1
503,0x0C22,0x08BE,0x0CADE,0x0E0DE
504,0x0C22,0x08A5,0x0CAC5,0x0E0C5
505,0x0C22,0x086B,0x0CA8B,0x0E08B
506,0x0C22,0x085C,0x0CA7C,0x0E07C
507,0x0C22,0x0851,0x0CA71,0x0E071
508,0x0C22,0x083E,0x0CA5E,0x0E05E
509,0x0C22,0x082B,0x0CA4B,0x0E04B
510,0x0C22,0x0818,0x0CA38,0x0E038
511,0x0C22,0x0805,0x0CA25,0x0E025
512,0x0C22,0x07F2,0x0CA12,0x0E012
513,0x0C22,0x07DF,0x0C9FF,0x0DFFF
514,0x0C22,0x07CC,0x0C9EC,0x0DFEC
515,0x0C22,0x07B9,0x0C9D9,0x0DFD9
516,0x0C22,0x07A6,0x0C9C6,0x0DFC6
517,0x0C22,0x0793,0x0C9B3,0x0DFB3
518,0x0C22,0x0780,0x0C9A0,0x0DFA0
519,0x0C22,0x0EC5,0x0D0E5,0x0E6E5
520,0x0C22,0x0EB3,0x0D0D3,0x0E6D3
521,0x0C22,0x0E7F,0x0D09F,0x0E69F
522,0x0C22,0x0E19,0x0D039,0x0E639
523,0x0C22,0x0E09,0x0D029,0x0E629
524,0x0C22,0x0DED,0x0D00D,0x0E60D
525,0x0C22,0x0DE2,0x0D002,0x0E602
526,0x0C22,0x0DD3,0x0CFF3,0x0E5F3
527,0x0C22,0x0DB7,0x0CFD7,0x0E5D7
528,0x0C22,0x0DAC,0x0CFCC,0x0E5CC
529,0x0C22,0x0D90,0x0CFB0,0x0E5B0
530,0x0C22,0x0D42,0x0CF62,0x0E562
531,0x0C22,0x0D2D,0x0CF4D,0x0E54D
532,0x0C22,0x0D0E,0x0CF2E,0x0E52E
533,0x0C22,0x0CF0,0x0CF10,0x0E510
534,0x0C22,0x0CD1,0x0CEF1,0x0E4F1
535,0x0C22,0x0C94,0x0CEB4,0x0E4B4
536,0x0C22,0x0C3E,0x0CE5E,0x0E45E
537,0x0C22,0x0C09,0x0CE29,0x0E429
538,0x0C22,0x0BCC,0x0CDEC,0x0E3EC
539,0x0C22,0x11D5,0x0D3F5,0x0E9F5
540,0x0C22,0x11C2,0x0D3E2,0x0E9E2
541,0x0C22,0x119C,0x0D3BC,0x0E9BC
542,0x0C22,0x1189,0x0D3A9,0x0E9A9
543,0x0C22,0x117A,0x0D39A,0x0E99A
544,0x0C22,0x116A,0x0D38A,0x0E98A
545,0x0C22,0x115A,0x0D37A,0x0E97A
546,0x0C22,0x114A,0x0D36A,0x0E96A
547,0x0C22,0x113A,0x0D35A,0x0E95A
548,0x0C22,0x112A,0x0D34A,0x0E94A
549,0x0C22,0x111A,0x0D33A,0x0E93A
550,0x0C22,0x110B,0x0D32B,0x0E92B
551,0x0C22,0x10FB,0x0D31B,0x0E91B
552,0x0C22,0x10EB,0x0D30B,0x0E90B
553,0x0C22,0x10DB,0x0D2FB,0x0E8FB
554,0x0C22,0x10CB,0x0D2EB,0x0E8EB
555,0x0C22,0x10BB,0x0D2DB,0x0E8DB
556,0x0C22,0x10AB,0x0D2CB,0x0E8CB
557,0x0C22,0x109B,0x0D2BB,0x0E8BB
558,0x0C22,0x108B,0x0D2AB,0x0E8AB
559,0x0C22,0x107B,0x0D29B,0x0E89B
560,0x0C22,0x106B,0x0D28B,0x0E88B
561,0x0C22,0x105B,0x0D27B,0x0E87B
562,0x0C22,0x104B,0x0D26B,0x0E86B
563,0x0C22,0x103B,0x0D25B,0x0E85B
564,0x0C22,0x102B,0x0D24B,0x0E84B
565,0x0C22,0x101B,0x0D23B,0x0E83B
566,0x0C22,0x100B,0x0D22B,0x0E82B
567,0x0C22,0x0FFB,0x0D21B,0x0E81B
568,0x0C22,0x0FEB,0x0D20B,0x0E80B
569,0x0C22,0x0FDB,0x0D1FB,0x0E7FB
570,0x0C22,0x0FCB,0x0D1EB,0x0E7EB
571,0x0C22,0x0FBB,0x0D1DB,0x0E7DB
572,0x0C22,0x0FAB,0x0D1CB,0x0E7CB
573,0x0C22,0x0F9B,0x0D1BB,0x0E7BB
574,0x0C22,0x0F8B,0x0D1AB,0x0E7AB
575,0x0C22,0x0F7B,0x0D19B,0x0E79B
576,0x0C22,0x0F6B,0x0D18B,0x0E78B
577,0x0C22,0x0F5C,0x0D17C,0x0E77C
578,0x0C22,0x0F4C,0x0D16C,0x0E76C
579,0x0C22,0x0F40,0x0D160,0x0E760
580,0x0C22,0x0F30,0x0D150,0x0E750
581,0x0C22,0x0F20,0x0D140,0x0E740
582,0x0C22,0x0F11,0x0D131,0x0E731
583,0x0C22,0x0F01,0x0D121,0x0E721
584,0x0C22,0x0EF1,0x0D111,0x0E711
585,0x0C22,0x0EE2,0x0D102,0x0E702
586,0x0C22,0x0ED2,0x0D0F2,0x0E6F2
587,0x0C22,0x15CC,0x0D7EC,0x0EDEC
588,0x0C22,0x15B9,0x0D7D9,0x0EDD9
589,0x0C22,0x15A6,0x0D7C6,0x0EDC6
590,0x0C22,0x157F,0x0D79F,0x0ED9F
591,0x0C22,0x1535,0x0D755,0x0ED55
592,0x0C22,0x1508,0x0D728,0x0ED28
593,0x0C22,0x13C7,0x0D5E7,0x0EBE7
594,0x0C22,0x1297,0x0D4B7,0x0EAB7
595,0x0C22,0x1285,0x0D4A5,0x0EAA5
596,0x0C22,0x19D5,0x0DBF5,0x0F1F5
597,0x0C22,0x19C2,0x0DBE2,0x0F1E2
598,0x0C22,0x19AB,0x0DBCB,0x0F1CB
599,0x0C22,0x1996,0x0DBB6,0x0F1B6
600,0x0C22,0x1981,0x0DBA1,0x0F1A1
601,0x0C22,0x196C,0x0DB8C,0x0F18C
602,0x0C22,0x1957,0x0DB77,0x0F177
603,0x0C22,0x1944,0x0DB64,0x0F164
604,0x0C22,0x1931,0x0DB51,0x0F151
605,0x0C22,0x191E,0x0DB3E,0x0F13E
606,0x0C22,0x190B,0x0DB2B,0x0F12B
607,0x0C22,0x18F8,0x0DB18,0x0F118
608,0x0C22,0x18E5,0x0DB05,0x0F105
609,0x0C22,0x18D2,0x0DAF2,0x0F0F2
610,0x0C22,0x18BF,0x0DADF,0x0F0DF
611,0x0C22,0x18AC,0x0DACC,0x0F0CC
612,0x0C22,0x1899,0x0DAB9,0x0F0B9
613,0x0C22,0x1886,0x0DAA6,0x0F0A6
614,0x0C22,0x1873,0x0DA93,0x0F093
615,0x0C22,0x1860,0x0DA80,0x0F080
616,0x0C22,0x184D,0x0DA6D,0x0F06D
617,0x0C22,0x183A,0x0DA5A,0x0F05A
618,0x0C22,0x1827,0x0DA47,0x0F047
619,0x0C22,0x1814,0x0DA34,0x0F034
620,0x0C22,0x1801,0x0DA21,0x0F021
621,0x0C22,0x17EE,0x0DA0E,0x0F00E
622,0x0C22,0x17DB,0x0D9FB,0x0EFFB
623,0x0C22,0x17C8,0x0D9E8,0x0EFE8
624,0x0C22,0x17B5,0x0D9D5,0x0EFD5
625,0x0C22,0x17A2,0x0D9C2,0x0EFC2
626,0x0C22,0x178F,0x0D9AF,0x0EFAF
627,0x0C22,0x177C,0x0D99C,0x0EF9C
628,0x0C22,0x1769,0x0D989,0x0EF89
629,0x0C22,0x1756,0x0D976,0x0EF76
630,0x0C22,0x1743,0x0D963,0x0EF63
631,0x0C22,0x1730,0x0D950,0x0EF50
632,0x0C22,0x171D,0x0D93D,0x0EF3D
633,0x0C22,0x170A,0x0D92A,0x0EF2A
634,0x0C22,0x16F7,0x0D917,0x0EF17
635,0x0C22,0x16E4,0x0D904,0x0EF04
636,0x0C22,0x16D1,0x0D8F1,0x0EEF1
637,0x0C22,0x16BE,0x0D8DE,0x0EEDE
638,0x0C22,0x16AB,0x0D8CB,0x0EECB
639,0x0C22,0x1698,0x0D8B8,0x0EEB8
640,0x0C22,0x1685,0x0D8A5,0x0EEA5
641,0x0C22,0x1672,0x0D892,0x0EE92
642,0x0C22,0x165F,0x0D87F,0x0EE7F
643,0x0C22,0x164C,0x0D86C,0x0EE6C
644,0x0C22,0x1639,0x0D859,0x0EE59
645,0x0C22,0x1CFE,0x0DF1E,0x0F51E
646,0x0C22,0x1CF3,0x0DF13,0x0F513
647,0x0C22,0x1CE0,0x0DF00,0x0F500
648,0x0C22,0x1CCD,0x0DEED,0x0F4ED
649,0x0C22,0x1CBA,0x0DEDA,0x0F4DA
650,0x0C22,0x1CA7,0x0DEC7,0x0F4C7
651,0x0C22,0x1C94,0x0DEB4,0x0F4B4
652,0x0C22,0x1C81,0x0DEA1,0x0F4A1
653,0x0C22,0x1C6E,0x0DE8E,0x0F48E
654,0x0C22,0x1C5B,0x0DE7B,0x0F47B
655,0x0C22,0x1C48,0x0DE68,0x0F468
656,0x0C22,0x1C35,0x0DE55,0x0F455
657,0x0C22,0x1C22,0x0DE42,0x0F442
658,0x0C22,0x1C0F,0x0DE2F,0x0F42F
659,0x0C22,0x1BFC,0x0DE1C,0x0F41C
660,0x0C22,0x1BE9,0x0DE09,0x0F409
661,0x0C22,0x1BD6,0x0DDF6,0x0F3F6
662,0x0C22,0x1BC3,0x0DDE3,0x0F3E3
663,0x0C22,0x1BB0,0x0DDD0,0x0F3D0
664,0x0C22,0x1B9D,0x0DDBD,0x0F3BD
665,0x0C22,0x1B8A,0x0DDAA,0x0F3AA
666,0x0C22,0x1B3D,0x0DD5D,0x0F35D
667,0x0C22,0x1B2A,0x0DD4A,0x0F34A
668,0x0C22,0x1B16,0x0DD36,0x0F336
669,0x0C22,0x1B02,0x0DD22,0x0F322
670,0x0C22,0x1AEF,0x0DD0F,0x0F30F
671,0x0C22,0x1ADC,0x0DCFC,0x0F2FC
672,0x0C22,0x1AC9,0x0DCE9,0x0F2E9
673,0x0C22,0x1AB6,0x0DCD6,0x0F2D6
674,0x0C22,0x1AA3,0x0DCC3,0x0F2C3
675,0x0C22,0x1A90,0x0DCB0,0x0F2B0
676,0x0C22,0x1A7B,0x0DC9B,0x0F29B
677,0x0C22,0x1A66,0x0DC86,0x0F286
678,0x0C22,0x1A51,0x0DC71,0x0F271
679,0x0C22,0x1A3C,0x0DC5C,0x0F25C
680,0x0C22,0x1A27,0x0DC47,0x0F247
681,0x0C22,0x1A12,0x0DC32,0x0F232
682,0x0C22,0x19FD,0x0DC1D,0x0F21D
683,0x0C22,0x19E8,0x0DC08,0x0F208
684,0x0C22,0x2135,0x0E355,0x0F955
685,0x0C22,0x2122,0x0E342,0x0F942
686,0x0C22,0x210F,0x0E32F,0x0F92F
687,0x0C22,0x20FC,0x0E31C,0x0F91C
688,0x0C22,0x20E9,0x0E309,0x0F909
689,0x0C22,0x20D6,0x0E2F6,0x0F8F6
690,0x0C22,0x20C3,0x0E2E3,0x0F8E3
691,0x0C22,0x20B0,0x0E2D0,0x0F8D0
692,0x0C22,0x209D,0x0E2BD,0x0F8BD
693,0x0C22,0x208A,0x0E2AA,0x0F8AA
694,0x0C22,0x2077,0x0E297,0x0F897
695,0x0C22,0x2064,0x0E284,0x0F884
696,0x0C22,0x2051,0x0E271,0x0F871
697,0x0C22,0x203E,0x0E25E,0x0F85E
698,0x0C22,0x202B,0x0E24B,0x0F84B
699,0x0C22,0x2018,0x0E238,0x0F838
700,0x0C22,0x2005,0x0E225,0x0F825
701,0x0C22,0x1FF2,0x0E212,0x0F812
702,0x0C22,0x1F7C,0x0E19C,0x0F79C
703,0x0C22,0x1F69,0x0E189,0x0F789
704,0x0C22,0x1F56,0x0E176,0x0F776
705,0x0C22,0x1F43,0x0E163,0x0F763
706,0x0C22,0x1F30,0x0E150,0x0F750
707,0x0C22,0x1F0E,0x0E12E,0x0F72E
708,0x0C22,0x1EC5,0x0E0E5,0x0F6E5
709,0x0C22,0x1DBE,0x0DFDE,0x0F5DE
710,0x0C22,0x24E3,0x0E703,0x0FD03
711,0x0C22,0x24D0,0x0E6F0,0x0FCF0
712,0x0C22,0x24BD,0x0E6DD,0x0FCDD
713,0x0C22,0x24A9,0x0E6C9,0x0FCC9
714,0x0C22,0x2495,0x0E6B5,0x0FCB5
715,0x0C22,0x2482,0x0E6A2,0x0FCA2
716,0x0C22,0x246F,0x0E68F,0x0FC8F
717,0x0C22,0x245C,0x0E67C,0x0FC7C
718,0x0C22,0x2449,0x0E669,0x0FC69
719,0x0C22,0x2436,0x0E656,0x0FC56
720,0x0C22,0x2423,0x0E643,0x0FC43
721,0x0C22,0x240E,0x0E62E,0x0FC2E
722,0x0C22,0x23F9,0x0E619,0x0FC19
723,0x0C22,0x23E4,0x0E604,0x0FC04
724,0x0C22,0x23CF,0x0E5EF,0x0FBEF
725,0x0C22,0x23BA,0x0E5DA,0x0FBDA
726,0x0C22,0x23A5,0x0E5C5,0x0FBC5
727,0x0C22,0x2390,0x0E5B0,0x0FBB0
728,0x0C22,0x237B,0x0E59B,0x0FB9B
729,0x0C22,0x2368,0x0E588,0x0FB88
730,0x0C22,0x2355,0x0E575,0x0FB75
731,0x0C22,0x233E,0x0E55E,0x0FB5E
732,0x0C22,0x2329,0x0E549,0x0FB49
733,0x0C22,0x2314,0x0E534,0x0FB34
734,0x0C22,0x22FF,0x0E51F,0x0FB1F
735,0x0C22,0x22EA,0x0E50A,0x0FB0A
736,0x0C22,0x22D7,0x0E4F7,0x0FAF7
737,0x0C22,0x22C4,0x0E4E4,0x0FAE4
738,0x0C22,0x22B1,0x0E4D1,0x0FAD1
739,0x0C22,0x229E,0x0E4BE,0x0FABE
740,0x0C22,0x228B,0x0E4AB,0x0FAAB
741,0x0C22,0x2278,0x0E498,0x0FA98
742,0x0C22,0x2265,0x0E485,0x0FA85
743,0x0C22,0x2252,0x0E472,0x0FA72
744,0x0C22,0x223F,0x0E45F,0x0FA5F
745,0x0C22,0x222C,0x0E44C,0x0FA4C
746,0x0C22,0x2219,0x0E439,0x0FA39
747,0x0C22,0x2206,0x0E426,0x0FA26
748,0x0C22,0x21F3,0x0E413,0x0FA13
749,0x0C22,0x21E0,0x0E400,0x0FA00
750,0x0C22,0x21CD,0x0E3ED,0x0F9ED
751,0x0C22,0x21BA,0x0E3DA,0x0F9DA
752,0x0C22,0x21A7,0x0E3C7,0x0F9C7
753,0x0C22,0x2194,0x0E3B4,0x0F9B4
754,0x0C22,0x2181,0x0E3A1,0x0F9A1
755,0x0C22,0x216E,0x0E38E,0x0F98E
756,0x0C22,0x215B,0x0E37B,0x0F97B
757,0x0C22,0x2148,0x0E368,0x0F968
758,0x0C22,0x281D,0x0EA3D,0x1003D
759,0x0C22,0x280D,0x0EA2D,0x1002D
760,0x0C22,0x27FD,0x0EA1D,0x1001D
761,0x0C22,0x27EE,0x0EA0E,0x1000E
762,0x0C22,0x2737,0x0E957,0x0FF57
763,0x0C22,0x2727,0x0E947,0x0FF47
764,0x0C22,0x2717,0x0E937,0x0FF37
765,0x0C22,0x2707,0x0E927,0x0FF27
766,0x0C22,0x26FB,0x0E91B,0x0FF1B
767,0x0C22,0x26EB,0x0E90B,0x0FF0B
768,0x0C22,0x26DC,0x0E8FC,0x0FEFC
769,0x0C22,0x26D0,0x0E8F0,0x0FEF0
770,0x0C22,0x26C0,0x0E8E0,0x0FEE0
771,0x0C22,0x26B0,0x0E8D0,0x0FED0
772,0x0C22,0x26A0,0x0E8C0,0x0FEC0
773,0x0C22,0x2690,0x0E8B0,0x0FEB0
774,0x0C22,0x2684,0x0E8A4,0x0FEA4
775,0x0C22,0x2675,0x0E895,0x0FE95
776,0x0C22,0x2657,0x0E877,0x0FE77
777,0x0C22,0x264C,0x0E86C,0x0FE6C
778,0x0C22,0x2639,0x0E859,0x0FE59
779,0x0C22,0x2626,0x0E846,0x0FE46
780,0x0C22,0x2613,0x0E833,0x0FE33
781,0x0C22,0x2600,0x0E820,0x0FE20
782,0x0C22,0x25ED,0x0E80D,0x0FE0D
783,0x0C22,0x25DA,0x0E7FA,0x0FDFA
784,0x0C22,0x25C7,0x0E7E7,0x0FDE7
785,0x0C22,0x25B4,0x0E7D4,0x0FDD4
786,0x0C22,0x25A1,0x0E7C1,0x0FDC1
787,0x0C22,0x258E,0x0E7AE,0x0FDAE
788,0x0C22,0x257B,0x0E79B,0x0FD9B
789,0x0C22,0x2568,0x0E788,0x0FD88
790,0x0C22,0x2555,0x0E775,0x0FD75
791,0x0C22,0x2542,0x0E762,0x0FD62
792,0x0C22,0x252F,0x0E74F,0x0FD4F
793,0x0C22,0x251C,0x0E73C,0x0FD3C
794,0x0C22,0x2509,0x0E729,0x0FD29
795,0x0C22,0x24F6,0x0E716,0x0FD16
796,0x0C22,0x2C02,0x0EE22,0x10422
797,0x0C22,0x2BC5,0x0EDE5,0x103E5
798,0x0C22,0x2B6D,0x0ED8D,0x1038D
799,0x0C22,0x2B5B,0x0ED7B,0x1037B
800,0x0C22,0x2B4B,0x0ED6B,0x1036B
801,0x0C22,0x2B39,0x0ED59,0x10359
802,0x0C22,0x2AE6,0x0ED06,0x10306
803,0x0C22,0x2AA9,0x0ECC9,0x102C9
804,0x0C22,0x2A8E,0x0ECAE,0x102AE
805,0x0C22,0x2A6F,0x0EC8F,0x1028F
806,0x0C22,0x2A00,0x0EC20,0x10220
807,0x0C22,0x29EE,0x0EC0E,0x1020E
808,0x0C22,0x29DE,0x0EBFE,0x101FE
809,0x0C22,0x29CC,0x0EBEC,0x101EC
810,0x0C22,0x28EB,0x0EB0B,0x1010B
811,0x0C22,0x28DE,0x0EAFE,0x100FE
812,0x0C22,0x2FD9,0x0F1F9,0x107F9
813,0x0C22,0x2FC4,0x0F1E4,0x107E4
814,0x0C22,0x2FAF,0x0F1CF,0x107CF
815,0x0C22,0x2F4C,0x0F16C,0x1076C
816,0x0C22,0x2F3A,0x0F15A,0x1075A
817,0x0C22,0x2F2A,0x0F14A,0x1074A
818,0x0C22,0x2F18,0x0F138,0x10738
819,0x0C22,0x2EDB,0x0F0FB,0x106FB
820,0x0C22,0x2EB1,0x0F0D1,0x106D1
821,0x0C22,0x2E6D,0x0F08D,0x1068D
822,0x0C22,0x2E09,0x0F029,0x10629
823,0x0C22,0x2DDF,0x0EFFF,0x105FF
824,0x0C22,0x2D98,0x0EFB8,0x105B8
825,0x0C22,0x2D88,0x0EFA8,0x105A8
826,0x0C22,0x2D29,0x0EF49,0x10549
827,0x0C22,0x2D03,0x0EF23,0x10523
828,0x0C22,0x2C99,0x0EEB9,0x104B9
829,0x0C22,0x2C84,0x0EEA4,0x104A4
830,0x0C22,0x2C6F,0x0EE8F,0x1048F
831,0x0C22,0x30F5,0x0F315,0x10915
832,0x0C22,0x30E0,0x0F300,0x10900
833,0x0C22,0x307B,0x0F29B,0x1089B
834,0x0C22,0x3069,0x0F289,0x10889
835,0x0C22,0x3059,0x0F279,0x10879
836,0x0C22,0x3047,0x0F267,0x10867
837,0x0C22,0x3758,0x0F978,0x10F78
838,0x0C22,0x3745,0x0F965,0x10F65
839,0x0C22,0x36F0,0x0F910,0x10F10
840,0x0C22,0x36C3,0x0F8E3,0x10EE3
841,0x0C22,0x36B1,0x0F8D1,0x10ED1
842,0x0C22,0x3692,0x0F8B2,0x10EB2
843,0x0C22,0x3661,0x0F881,0x10E81
844,0x0C22,0x38E8,0x0FB08,0x11108
845,0x0C22,0x38C5,0x0FAE5,0x110E5
846,0x0C22,0x38B2,0x0FAD2,0x110D2
847,0x0C22,0x389F,0x0FABF,0x110BF
848,0x0C22,0x388C,0x0FAAC,0x110AC
849,0x0C22,0x3879,0x0FA99,0x11099
850,0x0C22,0x3866,0x0FA86,0x11086
851,0x0C22,0x3853,0x0FA73,0x11073
852,0x0C22,0x382D,0x0FA4D,0x1104D
853,0x0C22,0x37E6,0x0FA06,0x11006
854,0x0C22,0x37C0,0x0F9E0,0x10FE0
855,0x0C22,0x37A4,0x0F9C4,0x10FC4
856,0x0C22,0x3EBB,0x100DB,0x116DB
857,0x0C22,0x3EAB,0x100CB,0x116CB
858,0x0C22,0x3E9B,0x100BB,0x116BB
859,0x0C22,0x3E2D,0x1004D,0x1164D
860,0x0C22,0x3E1C,0x1003C,0x1163C
861,0x0C22,0x3E14,0x10034,0x11634
862,0x0C22,0x3E09,0x10029,0x11629
863,0x0C22,0x3E03,0x10023,0x11623
864,0x0C22,0x3DFB,0x1001B,0x1161B
865,0x0C22,0x3DEB,0x1000B,0x1160B
866,0x0C22,0x3DDB,0x0FFFB,0x115FB
867,0x0C22,0x3DB0,0x0FFD0,0x115D0
868,0x0C22,0x3BE7,0x0FE07,0x11407
869,0x0C22,0x3BB4,0x0FDD4,0x113D4
870,0x0C22,0x4040,0x10260,0x11860
871,0x0C22,0x3FB4,0x101D4,0x117D4
872,0x0C22,0x3F97,0x101B7,0x117B7
873,0x0C22,0x3F72,0x10192,0x11792
874,0x0C22,0x3F60,0x10180,0x11780
875,0x0C22,0x3F31,0x10151,0x11751
876,0x0C22,0x3F1F,0x1013F,0x1173F
877,0x0C22,0x3EFC,0x1011C,0x1171C
878,0x0C22,0x3EEC,0x1010C,0x1170C
879,0x0C22,0x3EDC,0x100FC,0x116FC
880,0x0C22,0x3ED4,0x100F4,0x116F4
881,0x0C22,0x3EC3,0x100E3,0x116E3
882,0x0C22,0x4604,0x10824,0x11E24
883,0x0C22,0x45F5,0x10815,0x11E15
884,0x0C22,0x45E9,0x10809,0x11E09
885,0x0C22,0x45DB,0x107FB,0x11DFB
886,0x0C22,0x45C3,0x107E3,0x11DE3
887,0x0C22,0x45B7,0x107D7,0x11DD7
888,0x0C22,0x4598,0x107B8,0x11DB8
889,0x0C22,0x4582,0x107A2,0x11DA2
890,0x0C22,0x4572,0x10792,0x11D92
891,0x0C22,0x4520,0x10740,0x11D40
892,0x0C22,0x4519,0x10739,0x11D39
893,0x0C22,0x499D,0x10BBD,0x121BD
894,0x0C22,0x498E,0x10BAE,0x121AE
895,0x0C22,0x4968,0x10B88,0x12188
896,0x0C22,0x4956,0x10B76,0x12176
897,0x0C22,0x4930,0x10B50,0x12150
898,0x0C22,0x491E,0x10B3E,0x1213E
899,0x0C22,0x48F8,0x10B18,0x12118
900,0x0C22,0x48E6,0x10B06,0x12106
901,0x0C22,0x48C0,0x10AE0,0x120E0
902,0x0C22,0x48AE,0x10ACE,0x120CE
903,0x0C22,0x4888,0x10AA8,0x120A8
904,0x0C22,0x4876,0x10A96,0x12096
905,0x0C22,0x4850,0x10A70,0x12070
906,0x0C22,0x4841,0x10A61,0x12061
907,0x0C22,0x46BC,0x108DC,0x11EDC
908,0x0C22,0x46A4,0x108C4,0x11EC4
909,0x0C22,0x4651,0x10871,0x11E71
910,0x0C22,0x4625,0x10845,0x11E45
911,0x0C22,0x4D7F,0x10F9F,0x1259F
912,0x0C22,0x4D4F,0x10F6F,0x1256F
913,0x0C22,0x4A4B,0x10C6B,0x1226B
914,0x0C22,0x4A2A,0x10C4A,0x1224A
915,0x0C22,0x5104,0x11324,0x12924
916,0x0C22,0x4EB5,0x110D5,0x126D5
917,0x0C22,0x4E91,0x110B1,0x126B1
918,0x0C22,0x54DF,0x116FF,0x12CFF
919,0x0C22,0x5402,0x11622,0x12C22
920,0x0C22,0x53F2,0x11612,0x12C12
921,0x0C22,0x53E2,0x11602,0x12C02
922,0x0C22,0x53C7,0x115E7,0x12BE7
923,0x0C22,0x53B7,0x115D7,0x12BD7
924,0x0C22,0x53A8,0x115C8,0x12BC8
925,0x0C22,0x535B,0x1157B,0x12B7B
926,0x0C22,0x515D,0x1137D,0x1297D
927,0x0C22,0x5886,0x11AA6,0x130A6
928,0x0C22,0x5843,0x11A63,0x13063
929,0x0C22,0x582F,0x11A4F,0x1304F
930,0x0C22,0x580A,0x11A2A,0x1302A
931,0x0C22,0x57E3,0x11A03,0x13003
932,0x0C22,0x578F,0x119AF,0x12FAF
933,0x0C22,0x5765,0x11985,0x12F85
934,0x0C22,0x56E7,0x11907,0x12F07
935,0x0C22,0x5630,0x11850,0x12E50
936,0x0C22,0x5C3A,0x11E5A,0x1345A
937,0x0C22,0x5C2A,0x11E4A,0x1344A
938,0x0C22,0x5C1A,0x11E3A,0x1343A
939,0x0C22,0x5C0A,0x11E2A,0x1342A
940,0x0C22,0x5BFE,0x11E1E,0x1341E
941,0x0C22,0x5BEE,0x11E0E,0x1340E
942,0x0C22,0x5BDF,0x11DFF,0x133FF
943,0x0C22,0x5BD3,0x11DF3,0x133F3
944,0x0C22,0x5BC3,0x11DE3,0x133E3
945,0x0C22,0x5BB3,0x11DD3,0x133D3
946,0x0C22,0x5BA3,0x11DC3,0x133C3
947,0x0C22,0x5B93,0x11DB3,0x133B3
948,0x0C22,0x5B87,0x11DA7,0x133A7
949,0x0C22,0x5A0D,0x11C2D,0x1322D
950,0x0C22,0x59F5,0x11C15,0x13215
951,0x0C22,0x59D6,0x11BF6,0x131F6
952,0x0C22,0x59A8,0x11BC8,0x131C8
953,0x0C22,0x5995,0x11BB5,0x131B5
954,0x0C22,0x5986,0x11BA6,0x131A6
955,0x0C22,0x5941,0x11B61,0x13161
956,0x0C22,0x5914,0x11B34,0x13134
957,0x0C22,0x590F,0x11B2F,0x1312F
958,0x0C22,0x589F,0x11ABF,0x130BF
959,0x0C22,0x5FE6,0x12206,0x13806
960,0x0C22,0x5FD7,0x121F7,0x137F7
961,0x0C22,0x5FC8,0x121E8,0x137E8
962,0x0C22,0x5FBD,0x121DD,0x137DD
963,0x0C22,0x5FAE,0x121CE,0x137CE
964,0x0C22,0x5FA3,0x121C3,0x137C3
965,0x0C22,0x5F94,0x121B4,0x137B4
966,0x0C22,0x5F86,0x121A6,0x137A6
967,0x0C22,0x5F7B,0x1219B,0x1379B
968,0x0C22,0x5F6C,0x1218C,0x1378C
969,0x0C22,0x5F5D,0x1217D,0x1377D
970,0x0C22,0x5F4E,0x1216E,0x1376E
971,0x0C22,0x5F3F,0x1215F,0x1375F
972,0x0C22,0x5F34,0x12154,0x13754
973,0x0C22,0x5F25,0x12145,0x13745
974,0x0C22,0x5F16,0x12136,0x13736
975,0x0C22,0x5EF0,0x12110,0x13710
976,0x0C22,0x5EDC,0x120FC,0x136FC
977,0x0C22,0x5DE3,0x12003,0x13603
978,0x0C22,0x5C49,0x11E69,0x13469
979,0x0C22,0x62CE,0x124EE,0x13AEE
980,0x0C22,0x62BB,0x124DB,0x13ADB
981,0x0C22,0x62A0,0x124C0,0x13AC0
982,0x0C22,0x6249,0x12469,0x13A69
983,0x0C22,0x6229,0x12449,0x13A49
984,0x0C22,0x61D8,0x123F8,0x139F8
985,0x0C22,0x606B,0x1228B,0x1388B
986,0x0C22,0x6039,0x12259,0x13859
987,0x0C22,0x6754,0x12974,0x13F74
988,0x0C22,0x672D,0x1294D,0x13F4D
989,0x0C22,0x670C,0x1292C,0x13F2C
990,0x0C22,0x66EB,0x1290B,0x13F0B
991,0x0C22,0x66CD,0x128ED,0x13EED
992,0x0C22,0x66AF,0x128CF,0x13ECF
993,0x0C22,0x668E,0x128AE,0x13EAE
994,0x0C22,0x64E2,0x12702,0x13D02
995,0x0C22,0x64C0,0x126E0,0x13CE0
996,0x0C22,0x64A5,0x126C5,0x13CC5
997,0x0C22,0x6471,0x12691,0x13C91
998,0x0C22,0x6461,0x12681,0x13C81
999,0x0C22,0x644B,0x1266B,0x13C6B
1000,0x0C22,0x6411,0x12631,0x13C31
1001,0x0C22,0x63FD,0x1261D,0x13C1D
1002,0x0C22,0x6AB8,0x12CD8,0x142D8
1003,0x0C22,0x6A7A,0x12C9A,0x1429A
1004,0x0C22,0x6A2A,0x12C4A,0x1424A
1005,0x0C22,0x69F5,0x12C15,0x14215
1006,0x0C22,0x69A4,0x12BC4,0x141C4
1007,0x0C22,0x6829,0x12A49,0x14049
1008,0x0C22,0x680B,0x12A2B,0x1402B
1009,0x0C22,0x6775,0x12995,0x13F95
1010,0x0C22,0x6EAD,0x130CD,0x146CD
1011,0x0C22,0x6E56,0x13076,0x14676
1012,0x0C22,0x6E32,0x13052,0x14652
1013,0x0C22,0x6E11,0x13031,0x14631
1014,0x0C22,0x6DED,0x1300D,0x1460D
1015,0x0C22,0x6DC6,0x12FE6,0x145E6
1016,0x0C22,0x6D98,0x12FB8,0x145B8
1017,0x0C22,0x6D6A,0x12F8A,0x1458A
1018,0x0C22,0x6D3E,0x12F5E,0x1455E
1019,0x0C22,0x6D15,0x12F35,0x14535
1020,0x0C22,0x6CEC,0x12F0C,0x1450C
1021,0x0C22,0x6CC3,0x12EE3,0x144E3
1022,0x0C22,0x6C9D,0x12EBD,0x144BD
1023,0x0C22,0x6C2D,0x12E4D,0x1444D
1024,0x0C22,0x6BEF,0x12E0F,0x1440F
1025,0x0C22,0x6BC4,0x12DE4,0x143E4
1026,0x0C22,0x6B9C,0x12DBC,0x143BC
1027,0x0C22,0x6B74,0x12D94,0x14394
1028,0x0C22,0x6B4C,0x12D6C,0x1436C
1029,0x0C22,0x6B27,0x12D47,0x14347
1030,0x0C22,0x7259,0x13479,0x14A79
1031,0x0C22,0x7252,0x13472,0x14A72
1032,0x0C22,0x7235,0x13455,0x14A55
1033,0x0C22,0x722E,0x1344E,0x14A4E
1034,0x0C22,0x7211,0x13431,0x14A31
1035,0x0C22,0x720A,0x1342A,0x14A2A
1036,0x0C22,0x71EC,0x1340C,0x14A0C
1037,0x0C22,0x71E5,0x13405,0x14A05
1038,0x0C22,0x71C7,0x133E7,0x149E7
1039,0x0C22,0x71C0,0x133E0,0x149E0
1040,0x0C22,0x71B3,0x133D3,0x149D3
1041,0x0C22,0x717C,0x1339C,0x1499C
1042,0x0C22,0x70BE,0x132DE,0x148DE
1043,0x0C22,0x705F,0x1327F,0x1487F
1044,0x0C22,0x704C,0x1326C,0x1486C
1045,0x0C22,0x6FC8,0x131E8,0x147E8
1046,0x0C22,0x6FB5,0x131D5,0x147D5
1047,0x0C22,0x6F1F,0x1313F,0x1473F
1048,0x0C22,0x6EF9,0x13119,0x14719
1049,0x0C22,0x6ED6,0x130F6,0x146F6
1050,0x0C22,0x761D,0x1383D,0x14E3D
1051,0x0C22,0x7603,0x13823,0x14E23
1052,0x0C22,0x758E,0x137AE,0x14DAE
1053,0x0C22,0x7334,0x13554,0x14B54
1054,0x0C22,0x730D,0x1352D,0x14B2D
1055,0x0C22,0x72B7,0x134D7,0x14AD7
1056,0x0C22,0x72A1,0x134C1,0x14AC1
1057,0x0C22,0x729A,0x134BA,0x14ABA
1058,0x0C22,0x727D,0x1349D,0x14A9D
1059,0x0C22,0x7276,0x13496,0x14A96
1060,0x0C22,0x79BF,0x13BDF,0x151DF
1061,0x0C22,0x7959,0x13B79,0x15179
1062,0x0C22,0x792F,0x13B4F,0x1514F
1063,0x0C22,0x7923,0x13B43,0x15143
1064,0x0C22,0x7910,0x13B30,0x15130
1065,0x0C22,0x78BF,0x13ADF,0x150DF
1066,0x0C22,0x7868,0x13A88,0x15088
1067,0x0C22,0x7852,0x13A72,0x15072
1068,0x0C22,0x784B,0x13A6B,0x1506B
1069,0x0C22,0x782E,0x13A4E,0x1504E
1070,0x0C22,0x7827,0x13A47,0x15047
1071,0x0C22,0x780A,0x13A2A,0x1502A
1072,0x0C22,0x7803,0x13A23,0x15023
1073,0x0C22,0x77E6,0x13A06,0x15006
1074,0x0C22,0x77DF,0x139FF,0x14FFF
1075,0x0C22,0x77C2,0x139E2,0x14FE2
1076,0x0C22,0x77BB,0x139DB,0x14FDB
1077,0x0C22,0x779D,0x139BD,0x14FBD
1078,0x0C22,0x7796,0x139B6,0x14FB6
1079,0x0C22,0x7778,0x13998,0x14F98
1080,0x0C22,0x7771,0x13991,0x14F91
1081,0x0C22,0x7755,0x13975,0x14F75
1082,0x0C22,0x7D58,0x13F78,0x15578
1083,0x0C22,0x7D4C,0x13F6C,0x1556C
1084,0x0C22,0x7D43,0x13F63,0x15563
1085,0x0C22,0x7CDF,0x13EFF,0x154FF
1086,0x0C22,0x7CD7,0x13EF7,0x154F7
1087,0x0C22,0x7CCF,0x13EEF,0x154EF
1088,0x0C22,0x7CC7,0x13EE7,0x154E7
1089,0x0C22,0x7CB6,0x13ED6,0x154D6
1090,0x0C22,0x7C9D,0x13EBD,0x154BD
1091,0x0C22,0x7C83,0x13EA3,0x154A3
1092,0x0C22,0x7BC9,0x13DE9,0x153E9
1093,0x0C22,0x7B91,0x13DB1,0x153B1
1094,0x0C22,0x7B7B,0x13D9B,0x1539B
1095,0x0C22,0x7B74,0x13D94,0x15394
1096,0x0C22,0x7B5C,0x13D7C,0x1537C
1097,0x0C22,0x7B55,0x13D75,0x15375
1098,0x0C22,0x7B38,0x13D58,0x15358
1099,0x0C22,0x7B31,0x13D51,0x15351
1100,0x0C22,0x7B14,0x13D34,0x15334
1101,0x0C22,0x7B0D,0x13D2D,0x1532D
1102,0x0C22,0x7AF0,0x13D10,0x15310
1103,0x0C22,0x7AE9,0x13D09,0x15309
1104,0x0C22,0x7ACB,0x13CEB,0x152EB
1105,0x0C22,0x7AC4,0x13CE4,0x152E4
1106,0x0C22,0x7AA6,0x13CC6,0x152C6
1107,0x0C22,0x7A9F,0x13CBF,0x152BF
1108,0x0C22,0x7A7B,0x13C9B,0x1529B
1109,0x0C22,0x7A1F,0x13C3F,0x1523F
1110,0x0C22,0x7A05,0x13C25,0x15225
1111,0x0C22,0x79F5,0x13C15,0x15215
1112,0x0C22,0x79D9,0x13BF9,0x151F9
1113,0x0C22,0x8122,0x14342,0x15942
1114,0x0C22,0x811B,0x1433B,0x1593B
1115,0x0C22,0x8102,0x14322,0x15922
1116,0x0C22,0x80FB,0x1431B,0x1591B
1117,0x0C22,0x80E2,0x14302,0x15902
1118,0x0C22,0x80DB,0x142FB,0x158FB
1119,0x0C22,0x80C1,0x142E1,0x158E1
1120,0x0C22,0x80BA,0x142DA,0x158DA
1121,0x0C22,0x80AF,0x142CF,0x158CF
1122,0x0C22,0x805F,0x1427F,0x1587F
1123,0x0C22,0x8014,0x14234,0x15834
1124,0x0C22,0x7FFE,0x1421E,0x1581E
1125,0x0C22,0x7FF7,0x14217,0x15817
1126,0x0C22,0x7FDF,0x141FF,0x157FF
1127,0x0C22,0x7FD8,0x141F8,0x157F8
1128,0x0C22,0x7FBB,0x141DB,0x157DB
1129,0x0C22,0x7FB4,0x141D4,0x157D4
1130,0x0C22,0x7F97,0x141B7,0x157B7
1131,0x0C22,0x7F90,0x141B0,0x157B0
1132,0x0C22,0x7F73,0x14193,0x15793
1133,0x0C22,0x7F6C,0x1418C,0x1578C
1134,0x0C22,0x7F23,0x14143,0x15743
1135,0x0C22,0x7E71,0x14091,0x15691
1136,0x0C22,0x7E69,0x14089,0x15689
1137,0x0C22,0x7E5E,0x1407E,0x1567E
1138,0x0C22,0x7E58,0x14078,0x15678
1139,0x0C22,0x845B,0x1467B,0x15C7B
1140,0x0C22,0x8436,0x14656,0x15C56
1141,0x0C22,0x83EC,0x1460C,0x15C0C
1142,0x0C22,0x83CE,0x145EE,0x15BEE
1143,0x0C22,0x83BE,0x145DE,0x15BDE
1144,0x0C22,0x8337,0x14557,0x15B57
1145,0x0C22,0x8317,0x14537,0x15B37
1146,0x0C22,0x8307,0x14527,0x15B27
1147,0x0C22,0x82B4,0x144D4,0x15AD4
1148,0x0C22,0x82A3,0x144C3,0x15AC3
1149,0x0C22,0x8294,0x144B4,0x15AB4
1150,0x0C22,0x81FD,0x1441D,0x15A1D
1151,0x0C22,0x81CB,0x143EB,0x159EB
1152,0x0C22,0x81BD,0x143DD,0x159DD
1153,0x0C22,0x816F,0x1438F,0x1598F
1154,0x0C22,0x815D,0x1437D,0x1597D
1155,0x0C22,0x8156,0x14376,0x15976
1156,0x0C22,0x8142,0x14362,0x15962
1157,0x0C22,0x813B,0x1435B,0x1595B
1158,0x0C22,0x86A8,0x148C8,0x15EC8
1159,0x0C22,0x867B,0x1489B,0x15E9B
1160,0x0C22,0x864F,0x1486F,0x15E6F
1161,0x0C22,0x8623,0x14843,0x15E43
1162,0x0C22,0x85F7,0x14817,0x15E17
1163,0x0C22,0x85CB,0x147EB,0x15DEB
1164,0x0C22,0x859F,0x147BF,0x15DBF
1165,0x0C22,0x8573,0x14793,0x15D93
1166,0x0C22,0x8547,0x14767,0x15D67
1167,0x0C22,0x8C3C,0x14E5C,0x1645C
1168,0x0C22,0x8C1A,0x14E3A,0x1643A
1169,0x0C22,0x8BA3,0x14DC3,0x163C3
1170,0x0C22,0x8B7C,0x14D9C,0x1639C
1171,0x0C22,0x8ACF,0x14CEF,0x162EF
1172,0x0C22,0x8A4E,0x14C6E,0x1626E
1173,0x0C22,0x89D1,0x14BF1,0x161F1
1174,0x0C22,0x88CF,0x14AEF,0x160EF
1175,0x0C22,0x8FD3,0x151F3,0x167F3
1176,0x0C22,0x8FA7,0x151C7,0x167C7
1177,0x0C22,0x8F73,0x15193,0x16793
1178,0x0C22,0x8E05,0x15025,0x16625
1179,0x0C22,0x8DC7,0x14FE7,0x165E7
1180,0x0C22,0x8D93,0x14FB3,0x165B3
1181,0x0C22,0x8D65,0x14F85,0x16585
1182,0x0C22,0x8D23,0x14F43,0x16543
1183,0x0C22,0x8D01,0x14F21,0x16521
1184,0x0C22,0x8CC9,0x14EE9,0x164E9
1185,0x0C22,0x8CA7,0x14EC7,0x164C7
1186,0x0C22,0x8C7C,0x14E9C,0x1649C
1187,0x0C22,0x8C5E,0x14E7E,0x1647E
1188,0x0C22,0x924B,0x1546B,0x16A6B
1189,0x0C22,0x9226,0x15446,0x16A46
1190,0x0C22,0x91FE,0x1541E,0x16A1E
1191,0x0C22,0x91D9,0x153F9,0x169F9
1192,0x0C22,0x90C3,0x152E3,0x168E3
1193,0x0C22,0x9090,0x152B0,0x168B0
1194,0x0C22,0x9051,0x15271,0x16871
1195,0x0C22,0x8FFF,0x1521F,0x1681F
1196,0x0C22,0x972D,0x1594D,0x16F4D
1197,0x0C22,0x93E7,0x15607,0x16C07
1198,0x0C22,0x9AFE,0x15D1E,0x1731E
1199,0x0C22,0x9AF7,0x15D17,0x17317
1200,0x0C22,0x9ADF,0x15CFF,0x172FF
1201,0x0C22,0x9AD8,0x15CF8,0x172F8
1202,0x0C22,0x9ABB,0x15CDB,0x172DB
1203,0x0C22,0x9AB4,0x15CD4,0x172D4
1204,0x0C22,0x9A97,0x15CB7,0x172B7
1205,0x0C22,0x9A90,0x15CB0,0x172B0
1206,0x0C22,0x9A73,0x15C93,0x17293
1207,0x0C22,0x9A6C,0x15C8C,0x1728C
1208,0x0C22,0x9993,0x15BB3,0x171B3
1209,0x0C22,0x996B,0x15B8B,0x1718B
1210,0x0C22,0x98E1,0x15B01,0x17101
1211,0x0C22,0x98B5,0x15AD5,0x170D5
1212,0x0C22,0x9899,0x15AB9,0x170B9
1213,0x0C22,0x985D,0x15A7D,0x1707D
1214,0x0C22,0x9EA2,0x160C2,0x176C2
1215,0x0C22,0x9E0E,0x1602E,0x1762E
1216,0x0C22,0x9DCE,0x15FEE,0x175EE
1217,0x0C22,0x9D8F,0x15FAF,0x175AF
1218,0x0C22,0x9D63,0x15F83,0x17583
1219,0x0C22,0x9D2F,0x15F4F,0x1754F
1220,0x0C22,0x9C53,0x15E73,0x17473
1221,0x0C22,0x9BF1,0x15E11,0x17411
1222,0x0C22,0x9BDF,0x15DFF,0x173FF
1223,0x0C22,0x9BD8,0x15DF8,0x173F8
1224,0x0C22,0x9BC4,0x15DE4,0x173E4
1225,0x0C22,0x9BBD,0x15DDD,0x173DD
1226,0x0C22,0x9BA4,0x15DC4,0x173C4
1227,0x0C22,0x9B9D,0x15DBD,0x173BD
1228,0x0C22,0x9B84,0x15DA4,0x173A4
1229,0x0C22,0x9B7D,0x15D9D,0x1739D
1230,0x0C22,0x9B72,0x15D92,0x17392
1231,0x0C22,0x9B14,0x15D34,0x17334
1232,0x0C22,0xA25B,0x1647B,0x17A7B
1233,0x0C22,0xA12C,0x1634C,0x1794C
1234,0x0C22,0xA0C6,0x162E6,0x178E6
1235,0x0C22,0xA0AC,0x162CC,0x178CC
1236,0x0C22,0xA08D,0x162AD,0x178AD
1237,0x0C22,0x9FCD,0x161ED,0x177ED
1238,0x0C22,0x9F71,0x16191,0x17791
1239,0x0C22,0x9EFA,0x1611A,0x1771A
1240,0x0C22,0x9ECE,0x160EE,0x176EE
1241,0x0C22,0xA5E1,0x16801,0x17E01
1242,0x0C22,0xA31F,0x1653F,0x17B3F
1243,0x0C22,0xA2C3,0x164E3,0x17AE3
1244,0x0C22,0xA708,0x16928,0x17F28
1245,0x1696,0x02C8,0x16C28,0x18228
1246,0x1696,0x02BC,0x16C1C,0x1821C
1247,0x1696,0x02B0,0x16C10,0x18210
1248,0x1696,0x0295,0x16BF5,0x181F5
1249,0x1696,0x025B,0x16BBB,0x181BB
1250,0x1696,0x0245,0x16BA5,0x181A5
1251,0x1696,0x0215,0x16B75,0x18175
1252,0x1696,0x01E9,0x16B49,0x18149
1253,0x1696,0x01DD,0x16B3D,0x1813D
1254,0x1696,0x01C9,0x16B29,0x18129
1255,0x1696,0x00FC,0x16A5C,0x1805C
1256,0x1696,0x00ED,0x16A4D,0x1804D
1257,0x1696,0x00E1,0x16A41,0x18041
1258,0x1696,0x00CD,0x16A2D,0x1802D
1259,0x1696,0x00C1,0x16A21,0x18021
1260,0x1696,0x00B5,0x16A15,0x18015
1261,0x1696,0x00A1,0x16A01,0x18001
1262,0x1696,0x0095,0x169F5,0x17FF5
1263,0x1696,0x008A,0x169EA,0x17FEA
1264,0x1696,0x0019,0x16979,0x17F79
1265,0x1696,0x0013,0x16973,0x17F73
1266,0x1696,0x0754,0x170B4,0x186B4
1267,0x1696,0x0700,0x17060,0x18660
1268,0x1696,0x06EE,0x1704E,0x1864E
1269,0x1696,0x06DE,0x1703E,0x1863E
1270,0x1696,0x06CC,0x1702C,0x1862C
1271,0x1696,0x0635,0x16F95,0x18595
1272,0x1696,0x0629,0x16F89,0x18589
1273,0x1696,0x0619,0x16F79,0x18579
1274,0x1696,0x0609,0x16F69,0x18569
1275,0x1696,0x05F9,0x16F59,0x18559
1276,0x1696,0x05DF,0x16F3F,0x1853F
1277,0x1696,0x05D3,0x16F33,0x18533
1278,0x1696,0x056E,0x16ECE,0x184CE
1279,0x1696,0x055F,0x16EBF,0x184BF
1280,0x1696,0x0546,0x16EA6,0x184A6
1281,0x1696,0x0536,0x16E96,0x18496
1282,0x1696,0x0526,0x16E86,0x18486
1283,0x1696,0x0517,0x16E77,0x18477
1284,0x1696,0x0507,0x16E67,0x18467
1285,0x1696,0x04FE,0x16E5E,0x1845E
1286,0x1696,0x04F6,0x16E56,0x18456
1287,0x1696,0x04EB,0x16E4B,0x1844B
1288,0x1696,0x04E3,0x16E43,0x18443
1289,0x1696,0x04C1,0x16E21,0x18421
1290,0x1696,0x04A8,0x16E08,0x18408
1291,0x1696,0x049F,0x16DFF,0x183FF
1292,0x1696,0x0497,0x16DF7,0x183F7
1293,0x1696,0x048D,0x16DED,0x183ED
1294,0x1696,0x0487,0x16DE7,0x183E7
1295,0x1696,0x0478,0x16DD8,0x183D8
1296,0x1696,0x0470,0x16DD0,0x183D0
1297,0x1696,0x0468,0x16DC8,0x183C8
1298,0x1696,0x045D,0x16DBD,0x183BD
1299,0x1696,0x0457,0x16DB7,0x183B7
1300,0x1696,0x0448,0x16DA8,0x183A8
1301,0x1696,0x0852,0x171B2,0x187B2
1302,0x1696,0x084A,0x171AA,0x187AA
1303,0x1696,0x081B,0x1717B,0x1877B
1304,0x1696,0x0802,0x17162,0x18762
1305,0x199B,0x0012,0x199C2,0x1AFC2
1306,0x171B,0x0028,0x171D8,0x187D8
1307,0x171B,0x00B6,0x17266,0x18866
1308,0x171B,0x00BB,0x1726B,0x1886B
1309,0x171B,0x00C2,0x17272,0x18872
1310,0x171B,0x00D5,0x17285,0x18885
1311,0x171B,0x010F,0x172BF,0x188BF
1312,0x18DA,0x0000,0x18DA0,0x1A3A0
1313,0x18DF,0x083B,0x1962B,0x1AC2B
1314,0x171B,0x0230,0x173E0,0x189E0
1315,0x171B,0x058B,0x1773B,0x18D3B
1316,0x171B,0x061A,0x177CA,0x18DCA
1317,0x199D,0x0004,0x199D4,0x1AFD4
1318,0x171B,0x0728,0x178D8,0x18ED8
1319,0x171B,0x07BF,0x1796F,0x18F6F
1320,0x171B,0x08B6,0x17A66,0x19066
1321,0x171B,0x0861,0x17A11,0x19011
1322,0x171B,0x1160,0x18310,0x19910
1323,0x171B,0x1257,0x18407,0x19A07
1324,0x18DF,0x0A1A,0x1980A,0x1AE0A
1325,0x18DF,0x0A1E,0x1980E,0x1AE0E
1326,0x18DF,0x0A22,0x19812,0x1AE12
1327,0x18DF,0x0A26,0x19816,0x1AE16
1328,0x18DF,0x0A2A,0x1981A,0x1AE1A
1329,0x18DF,0x0A2E,0x1981E,0x1AE1E
1330,0x171B,0x1591,0x18741,0x19D41
1331,0x171B,0x1579,0x18729,0x19D29
1332,0x171B,0x156B,0x1871B,0x19D1B
1333,0x171B,0x164D,0x187FD,0x19DFD
1334,0x171B,0x162B,0x187DB,0x19DDB
1335,0x171B,0x16B3,0x18863,0x19E63
1336,0x171B,0x1765,0x18915,0x19F15
1337,0x171B,0x1723,0x188D3,0x19ED3
1338,0x171B,0x1719,0x188C9,0x19EC9
1339,0x171B,0x1707,0x188B7,0x19EB7
1340,0x171B,0x16E5,0x18895,0x19E95
1341,0x171B,0x16D4,0x18884,0x19E84
1342,0x171B,0x1932,0x18AE2,0x1A0E2
1343,0x171B,0x18F5,0x18AA5,0x1A0A5
1344,0x171B,0x18E2,0x18A92,0x1A092
1345,0x171B,0x18CF,0x18A7F,0x1A07F
1346,0x171B,0x18A7,0x18A57,0x1A057
1347,0x171B,0x1878,0x18A28,0x1A028
1348,0x171B,0x1999,0x18B49,0x1A149
